name,team,bye_week,position,adp,name_normalized,match_key,year,fantasy_points,games_played
Christian McCaffrey,SF,9.0,RB,1.0,christian mccaffrey,christianmccaffrey,2024,47.8,4.0
CeeDee Lamb,DAL,7.0,WR,2.6,ceedee lamb,ceedeelamb,2024,263.4,15.0
Tyreek Hill,MIA,6.0,WR,3.2,tyreek hill,tyreekhill,2024,214.2,16.0
Bijan Robinson,ATL,12.0,RB,5.0,bijan robinson,bijanrobinson,2024,310.4,16.0
Breece Hall,NYJ,12.0,RB,5.4,breece hall,breecehall,2024,222.7,15.0
Amon-Ra St. Brown,DET,5.0,WR,6.2,amon ra st brown,amonrastbrown,2024,298.2,16.0
Ja'Marr Chase,CIN,12.0,WR,6.6,jamarr chase,jamarrchase,2024,377.4,16.0
Justin Jefferson,MIN,6.0,WR,7.0,justin jefferson,justinjefferson,2024,308.2,16.0
Saquon Barkley,PHI,5.0,RB,9.2,saquon barkley,saquonbarkley,2024,355.3,16.0
A.J. Brown,PHI,5.0,WR,10.2,aj brown,ajbrown,2024,216.9,13.0
Jonathan Taylor,IND,14.0,RB,10.4,jonathan taylor,jonathantaylor,2024,221.7,13.0
Garrett Wilson,NYJ,12.0,WR,12.4,garrett wilson,garrettwilson,2024,242.8,16.0
Jahmyr Gibbs,DET,5.0,RB,12.8,jahmyr gibbs,jahmyrgibbs,2024,316.9,16.0
Puka Nacua,LAR,6.0,WR,14.2,puka nacua,pukanacua,2024,206.6,11.0
Kyren Williams,LAR,6.0,RB,16.0,kyren williams,kyrenwilliams,2024,272.1,16.0
Marvin Harrison Jr.,ARI,11.0,WR,16.8,marvin harrison,marvinharrison,2024,179.2,16.0
Travis Etienne Jr.,JAC,12.0,RB,17.4,travis etienne,travisetienne,2024,121.2,14.0
Derrick Henry,BAL,14.0,RB,18.0,derrick henry,derrickhenry,2024,306.3,16.0
Isiah Pacheco,KC,6.0,RB,20.2,isiah pacheco,isiahpacheco,2024,56.9,7.0
Davante Adams,LAR,6.0,WR,22.0,davante adams,davanteadams,2024,220.5,13.0
Josh Allen,BUF,12.0,QB,24.2,josh allen,joshallen,2024,372.3,16.0
Travis Kelce,KC,6.0,TE,25.2,travis kelce,traviskelce,2024,195.4,16.0
Drake London,ATL,12.0,WR,25.6,drake london,drakelondon,2024,240.1,16.0
Chris Olave,NO,12.0,WR,26.2,chris olave,chrisolave,2024,76.7,8.0
De'Von Achane,MIA,6.0,RB,27.4,devon achane,devonachane,2024,281.8,16.0
Josh Jacobs,GB,10.0,RB,28.2,josh jacobs,joshjacobs,2024,281.5,16.0
Nico Collins,HOU,14.0,WR,28.2,nico collins,nicocollins,2024,195.8,11.0
Patrick Mahomes II,KC,6.0,QB,29.0,patrick mahomes,patrickmahomes,2024,281.8,16.0
James Cook,BUF,12.0,RB,31.0,james cook,jamescook,2024,257.9,15.0
Mike Evans,TB,11.0,WR,31.2,mike evans,mikeevans,2024,222.5,13.0
Jalen Hurts,PHI,5.0,QB,31.2,jalen hurts,jalenhurts,2024,315.1,15.0
Rachaad White,TB,11.0,RB,31.6,rachaad white,rachaadwhite,2024,199.6,15.0
Sam LaPorta,DET,5.0,TE,31.8,sam laporta,samlaporta,2024,161.3,15.0
Deebo Samuel Sr.,WAS,14.0,WR,32.0,deebo samuel,deebosamuel,2024,153.6,15.0
Brandon Aiyuk,SF,9.0,WR,34.0,brandon aiyuk,brandonaiyuk,2024,62.4,7.0
Michael Pittman Jr.,IND,14.0,WR,34.6,michael pittman,michaelpittman,2024,152.6,15.0
Cooper Kupp,SEA,10.0,WR,34.8,cooper kupp,cooperkupp,2024,175.0,12.0
Lamar Jackson,BAL,14.0,QB,37.2,lamar jackson,lamarjackson,2024,407.4,16.0
Joe Mixon,HOU,14.0,RB,38.6,joe mixon,joemixon,2024,236.7,13.0
Alvin Kamara,NO,12.0,RB,39.6,alvin kamara,alvinkamara,2024,265.3,14.0
DK Metcalf,PIT,9.0,WR,41.2,dk metcalf,dkmetcalf,2024,176.9,14.0
Kenneth Walker III,SEA,10.0,RB,41.4,kenneth walker,kennethwalker,2024,181.2,11.0
Jaylen Waddle,MIA,6.0,WR,42.6,jaylen waddle,jaylenwaddle,2024,140.6,14.0
Stefon Diggs,NE,14.0,WR,43.0,stefon diggs,stefondiggs,2024,121.4,8.0
DJ Moore,CHI,7.0,WR,43.6,dj moore,djmoore,2024,216.0,16.0
DeVonta Smith,PHI,5.0,WR,44.0,devonta smith,devontasmith,2024,199.4,13.0
Mark Andrews,BAL,14.0,TE,45.8,mark andrews,markandrews,2024,173.4,16.0
Trey McBride,ARI,11.0,TE,46.4,trey mcbride,treymcbride,2024,230.3,15.0
Malik Nabers,NYG,11.0,WR,48.6,malik nabers,maliknabers,2024,256.2,14.0
C.J. Stroud,HOU,14.0,QB,48.6,cj stroud,cjstroud,2024,214.4,16.0
Dalton Kincaid,BUF,12.0,TE,53.6,dalton kincaid,daltonkincaid,2024,100.8,13.0
James Conner,ARI,11.0,RB,56.0,james conner,jamesconner,2024,253.8,16.0
George Kittle,SF,9.0,TE,56.6,george kittle,georgekittle,2024,231.9,14.0
Amari Cooper,FA,0.0,WR,56.8,amari cooper,amaricooper,2024,122.7,14.0
Anthony Richardson Sr.,IND,14.0,QB,57.6,anthony richardson,anthonyrichardson,2024,162.5,11.0
Aaron Jones Sr.,MIN,6.0,RB,59.2,aaron jones,aaronjones,2024,229.1,16.0
George Pickens,DAL,7.0,WR,59.6,george pickens,georgepickens,2024,163.4,13.0
D'Andre Swift,CHI,7.0,RB,60.6,dandre swift,dandreswift,2024,202.0,16.0
Joe Burrow,CIN,12.0,QB,61.8,joe burrow,joeburrow,2024,359.8,16.0
David Montgomery,DET,5.0,RB,61.8,david montgomery,davidmontgomery,2024,217.6,14.0
Tee Higgins,CIN,12.0,WR,62.2,tee higgins,teehiggins,2024,212.8,11.0
Zay Flowers,BAL,14.0,WR,63.2,zay flowers,zayflowers,2024,206.4,16.0
Kyle Pitts,ATL,12.0,TE,64.2,kyle pitts,kylepitts,2024,127.7,16.0
Tank Dell,HU,14.0,WR,65.0,tank dell,tankdell,2024,140.0,14.0
Evan Engram,DEN,14.0,TE,65.0,evan engram,evanengram,2024,89.5,9.0
Zamir White,LV,10.0,RB,66.6,zamir white,zamirwhite,2024,29.3,8.0
Rhamondre Stevenson,NE,14.0,RB,66.6,rhamondre stevenson,rhamondrestevenson,2024,175.9,15.0
Rashee Rice,KC,6.0,WR,67.6,rashee rice,rasheerice,2024,64.9,4.0
Dak Prescott,DAL,7.0,QB,68.4,dak prescott,dakprescott,2024,116.5,8.0
Kyler Murray,ARI,11.0,QB,70.2,kyler murray,kylermurray,2024,269.4,16.0
Najee Harris,LAC,5.0,RB,70.8,najee harris,najeeharris,2024,189.0,16.0
Jordan Love,GB,10.0,QB,71.4,jordan love,jordanlove,2024,231.1,14.0
Terry McLaurin,WAS,14.0,WR,71.6,terry mclaurin,terrymclaurin,2024,247.6,16.0
Calvin Ridley,TEN,5.0,WR,74.4,calvin ridley,calvinridley,2024,188.9,16.0
Christian Kirk,HU,14.0,WR,74.6,christian kirk,christiankirk,2024,70.9,8.0
Raheem Mostert,LV,10.0,RB,74.6,raheem mostert,raheemmostert,2024,70.9,12.0
Chris Godwin,TB,11.0,WR,76.2,chris godwin,chrisgodwin,2024,137.8,7.0
Keenan Allen,FA,0.0,WR,79.4,keenan allen,keenanallen,2024,180.9,14.0
Javonte Williams,DAL,7.0,RB,81.2,javonte williams,javontewilliams,2024,147.1,16.0
Jake Ferguson,DAL,7.0,TE,81.6,jake ferguson,jakeferguson,2024,101.2,13.0
Tony Pollard,TEN,5.0,RB,81.8,tony pollard,tonypollard,2024,194.5,15.0
David Njoku,CLE,10.0,TE,84.2,david njoku,davidnjoku,2024,148.5,11.0
Jayden Reed,GB,10.0,WR,87.2,jayden reed,jaydenreed,2024,191.9,16.0
Diontae Johnson,CLE,10.0,WR,88.2,diontae johnson,diontaejohnson,2024,85.9,11.0
Xavier Worthy,KC,6.0,WR,90.0,xavier worthy,xavierworthy,2024,187.2,16.0
Austin Ekeler,WAS,14.0,RB,91.0,austin ekeler,austinekeler,2024,127.1,11.0
Brock Purdy,SF,9.0,QB,91.8,brock purdy,brockpurdy,2024,266.9,15.0
Brian Robinson Jr.,WAS,14.0,RB,92.6,brian robinson,brianrobinson,2024,157.2,13.0
Jaylen Warren,PIT,9.0,RB,92.6,jaylen warren,jaylenwarren,2024,122.0,14.0
Devin Singletary,NYG,11.0,RB,94.4,devin singletary,devinsingletary,2024,93.9,14.0
Zack Moss,CIN,12.0,RB,98.0,zack moss,zackmoss,2024,81.9,8.0
Rome Odunze,CHI,7.0,WR,98.4,rome odunze,romeodunze,2024,141.1,16.0
Jaxon Smith-Njigba,SEA,10.0,WR,99.8,jaxon smith njigba,jaxonsmithnjigba,2024,246.3,16.0
Tyjae Spears,TEN,5.0,RB,100.2,tyjae spears,tyjaespears,2024,113.6,12.0
Brock Bowers,LV,10.0,TE,100.6,brock bowers,brockbowers,2024,247.7,16.0
Nick Chubb,HU,14.0,RB,100.8,nick chubb,nickchubb,2024,63.3,8.0
Jonathon Brooks,CAR,11.0,RB,101.4,jonathon brooks,jonathonbrooks,2024,7.5,3.0
Christian Watson,GB,10.0,WR,102.2,christian watson,christianwatson,2024,105.3,14.0
Jayden Daniels,WAS,14.0,QB,102.6,jayden daniels,jaydendaniels,2024,351.6,16.0
Keon Coleman,BUF,12.0,WR,104.6,keon coleman,keoncoleman,2024,105.5,12.0
Ladd McConkey,LAC,5.0,WR,105.4,ladd mcconkey,laddmcconkey,2024,224.4,15.0
DeAndre Hopkins,BAL,14.0,WR,107.6,deandre hopkins,deandrehopkins,2024,147.0,16.0
Justin Tucker,FA,0.0,K,108.4,justin tucker,justintucker,2024,-1.0,-1.0
Caleb Williams,CHI,7.0,QB,109.0,caleb williams,calebwilliams,2024,243.0,16.0
Dallas Goedert,PHI,5.0,TE,109.6,dallas goedert,dallasgoedert,2024,94.1,9.0
Marquise Brown,KC,6.0,WR,110.2,marquise brown,marquisebrown,2024,18.1,2.0
Jordan Addison,MIN,6.0,WR,110.4,jordan addison,jordanaddison,2024,211.5,14.0
Chase Brown,CIN,12.0,RB,111.2,chase brown,chasebrown,2024,255.0,16.0
Harrison Butker,KC,6.0,K,112.2,harrison butker,harrisonbutker,2024,-1.0,-1.0
Courtland Sutton,DEN,14.0,WR,112.4,courtland sutton,courtlandsutton,2024,214.3,16.0
Jerome Ford,CLE,10.0,RB,113.0,jerome ford,jeromeford,2024,134.0,14.0
Ezekiel Elliott,FA,0.0,RB,113.2,ezekiel elliott,ezekielelliott,2024,57.5,15.0
Brandon Aubrey,DAL,7.0,K,113.4,brandon aubrey,brandonaubrey,2024,-1.0,-1.0
Gus Edwards,FA,0.0,RB,113.6,gus edwards,gusedwards,2024,64.1,11.0
Tua Tagovailoa,MIA,6.0,QB,115.8,tua tagovailoa,tuatagovailoa,2024,181.6,11.0
San Francisco 49ers,DST,9.0,DST,116.0,san francisco 49ers,sanfrancisco49ers,2024,-1.0,-1.0
Jared Goff,DET,5.0,QB,116.0,jared goff,jaredgoff,2024,307.5,16.0
Brian Thomas Jr.,JAC,12.0,WR,116.2,brian thomas,brianthomas,2024,266.7,16.0
Jameson Williams,DET,5.0,WR,120.2,jameson williams,jamesonwilliams,2024,202.8,14.0
Dalton Schultz,HOU,14.0,TE,125.6,dalton schultz,daltonschultz,2024,112.3,16.0
T.J. Hockenson,MIN,6.0,TE,126.4,tj hockenson,tjhockenson,2024,83.6,9.0
Blake Corum,LAR,6.0,RB,128.0,blake corum,blakecorum,2024,30.3,16.0
Dallas Cowboys,DST,7.0,DST,128.0,dallas cowboys,dallascowboys,2024,-1.0,-1.0
Baltimore Ravens,DST,14.0,DST,128.2,baltimore ravens,baltimoreravens,2024,-1.0,-1.0
New York Jets,DST,12.0,DST,128.4,new york jets,newyorkjets,2024,-1.0,-1.0
Trevor Lawrence,JAC,12.0,QB,129.4,trevor lawrence,trevorlawrence,2024,145.7,10.0
Justin Herbert,LAC,5.0,QB,130.8,justin herbert,justinherbert,2024,257.4,16.0
Khalil Shakir,BUF,12.0,WR,132.0,khalil shakir,khalilshakir,2024,182.5,15.0
Chuba Hubbard,CAR,11.0,RB,132.4,chuba hubbard,chubahubbard,2024,241.6,15.0
J.K. Dobbins,DEN,14.0,RB,132.4,jk dobbins,jkdobbins,2024,181.3,12.0
Trey Benson,ARI,11.0,RB,133.6,trey benson,treybenson,2024,47.0,13.0
Cleveland Browns,DST,10.0,DST,134.6,cleveland browns,clevelandbrowns,2024,-1.0,-1.0
Pat Freiermuth,PIT,9.0,TE,135.4,pat freiermuth,patfreiermuth,2024,145.8,16.0
Aaron Rodgers,PIT,9.0,QB,136.2,aaron rodgers,aaronrodgers,2024,231.6,16.0
Tyler Lockett,TEN,5.0,WR,139.4,tyler lockett,tylerlockett,2024,116.2,16.0
Younghoe Koo,ATL,12.0,K,140.0,younghoe koo,younghoekoo,2024,-1.0,-1.0
Cole Kmet,CHI,7.0,TE,141.0,cole kmet,colekmet,2024,118.1,16.0
Romeo Doubs,GB,10.0,WR,142.0,romeo doubs,romeodoubs,2024,132.1,13.0
Kirk Cousins,ATL,12.0,QB,142.6,kirk cousins,kirkcousins,2024,176.3,14.0
Jakobi Meyers,LV,10.0,WR,143.6,jakobi meyers,jakobimeyers,2024,190.7,14.0
Curtis Samuel,BUF,12.0,WR,143.6,curtis samuel,curtissamuel,2024,51.5,13.0
Jerry Jeudy,CLE,10.0,WR,143.8,jerry jeudy,jerryjeudy,2024,228.6,16.0
Jake Elliott,PHI,5.0,K,145.4,jake elliott,jakeelliott,2024,-1.0,-1.0
Zach Charbonnet,SEA,10.0,RB,147.4,zach charbonnet,zachcharbonnet,2024,177.8,16.0
Ka'imi Fairbairn,HOU,14.0,K,149.0,kaimi fairbairn,kaimifairbairn,2024,-1.0,-1.0
Evan McPherson,CIN,12.0,K,149.2,evan mcpherson,evanmcpherson,2024,-1.0,-1.0
Mike Williams,LAC,5.0,WR,149.8,mike williams,mikewilliams,2024,53.3,17.0
Matthew Stafford,LAR,6.0,QB,150.6,matthew stafford,matthewstafford,2024,214.6,16.0
Rico Dowdle,CAR,11.0,RB,150.8,rico dowdle,ricodowdle,2024,181.4,15.0
Joshua Palmer,BUF,12.0,WR,151.4,joshua palmer,joshuapalmer,2024,107.4,15.0
Jake Moody,SF,9.0,K,156.6,jake moody,jakemoody,2024,-1.0,-1.0
Tyler Allgeier,ATL,12.0,RB,156.8,tyler allgeier,tylerallgeier,2024,97.3,16.0
Pittsburgh Steelers,DST,9.0,DST,158.6,pittsburgh steelers,pittsburghsteelers,2024,-1.0,-1.0
Dustin Hopkins,CLE,10.0,K,159.5,dustin hopkins,dustinhopkins,2024,-1.0,-1.0
Cincinnati Bengals,DST,12.0,DST,159.8,cincinnati bengals,cincinnatibengals,2024,-1.0,-1.0
Kansas City Chiefs,DST,6.0,DST,160.0,kansas city chiefs,kansascitychiefs,2024,-1.0,-1.0
Ty Chandler,MIN,6.0,RB,160.8,ty chandler,tychandler,2024,28.4,16.0
Adam Thielen,CAR,11.0,WR,161.0,adam thielen,adamthielen,2024,130.1,9.0
Jaleel McLaughlin,DEN,14.0,RB,162.0,jaleel mclaughlin,jaleelmclaughlin,2024,90.4,15.0
Deshaun Watson,CLE,10.0,QB,163.8,deshaun watson,deshaunwatson,2024,76.7,7.0
Taysom Hill,N,12.0,QB,164.5,taysom hill,taysomhill,2024,60.6,8.0
Buffalo Bills,DST,12.0,DST,164.8,buffalo bills,buffalobills,2024,-1.0,-1.0
Baker Mayfield,TB,11.0,QB,166.6,baker mayfield,bakermayfield,2024,344.2,16.0
Cameron Dicker,LAC,5.0,K,166.8,cameron dicker,camerondicker,2024,-1.0,-1.0
Gabe Davis ,FA,0.0,WR,168.8,gabe davis,gabedavis,2024,53.9,10.0
Brandin Cooks,NO,12.0,WR,169.2,brandin cooks,brandincooks,2024,65.6,9.0
Luke Musgrave,GB,10.0,TE,169.8,luke musgrave,lukemusgrave,2024,8.6,6.0
Jaylen Wright,MIA,6.0,RB,169.8,jaylen wright,jaylenwright,2024,27.1,14.0
Adonai Mitchell,IND,14.0,WR,170.6,adonai mitchell,adonaimitchell,2024,52.8,16.0
Miami Dolphins,DST,6.0,DST,171.6,miami dolphins,miamidolphins,2024,-1.0,-1.0
Antonio Gibson,NE,14.0,RB,173.8,antonio gibson,antoniogibson,2024,93.3,16.0
Xavier Legette,CAR,11.0,WR,178.6,xavier legette,xavierlegette,2024,119.1,15.0
Philadelphia Eagles,DST,5.0,DST,178.6,philadelphia eagles,philadelphiaeagles,2024,-1.0,-1.0
Isaiah Likely,BAL,14.0,TE,180.2,isaiah likely,isaiahlikely,2024,116.9,15.0
Greg Zuerlein,FA,0.0,K,181.8,greg zuerlein,gregzuerlein,2024,-1.0,-1.0
Tyler Conklin,LAC,5.0,TE,182.0,tyler conklin,tylerconklin,2024,112.3,15.0
MarShawn Lloyd,GB,10.0,RB,182.0,marshawn lloyd,marshawnlloyd,2024,2.8,1.0
Dontayvion Wicks,GB,10.0,WR,182.2,dontayvion wicks,dontayvionwicks,2024,100.6,16.0
Darnell Mooney,ATL,12.0,WR,183.2,darnell mooney,darnellmooney,2024,193.2,16.0
Tyler Bass,BUF,12.0,K,183.4,tyler bass,tylerbass,2024,-1.0,-1.0
Houston Texans,DST,14.0,DST,184.0,houston texans,houstontexans,2024,-1.0,-1.0
Ja'Lynn Polk,NE,14.0,WR,184.2,jalynn polk,jalynnpolk,2024,32.7,15.0
Bo Nix,DEN,14.0,QB,184.6,bo nix,bonix,2024,276.5,16.0
Chris Boswell,PIT,9.0,K,186.5,chris boswell,chrisboswell,2024,-1.0,-1.0
Arizona Cardinals,DST,11.0,DST,186.5,arizona cardinals,arizonacardinals,2024,-1.0,-1.0
Chicago Bears,DST,7.0,DST,187.4,chicago bears,chicagobears,2024,-1.0,-1.0
Ricky Pearsall,SF,9.0,WR,187.5,ricky pearsall,rickypearsall,2024,74.6,10.0
Jordan Mason,MIN,6.0,RB,187.5,jordan mason,jordanmason,2024,115.0,12.0
Rashid Shaheed,N,12.0,WR,187.6,rashid shaheed,rashidshaheed,2024,75.8,6.0
Bucky Irving,TB,11.0,RB,191.0,bucky irving,buckyirving,2024,227.9,16.0
Denver Broncos,DST,14.0,DST,191.3,denver broncos,denverbroncos,2024,-1.0,-1.0
Khalil Herbert,IND,14.0,RB,192.2,khalil herbert,khalilherbert,2024,16.2,13.0
Geno Smith,LV,10.0,QB,192.4,geno smith,genosmith,2024,239.7,16.0
Hunter Henry,NE,14.0,TE,193.0,hunter henry,hunterhenry,2024,145.4,16.0
New Orleans Saints,DST,12.0,DST,193.8,new orleans saints,neworleanssaints,2024,-1.0,-1.0
Will Levis,TEN,5.0,QB,195.4,will levis,willlevis,2024,108.1,11.0
Cade Otton,TB,11.0,TE,196.0,cade otton,cadeotton,2024,140.6,14.0
Jason Myers,SEA,10.0,K,196.4,jason myers,jasonmyers,2024,-1.0,-1.0
Tampa Bay Buccaneers,DST,11.0,DST,197.6,tampa bay buccaneers,tampabaybuccaneers,2024,-1.0,-1.0
Braelon Allen,NYJ,12.0,RB,198.5,braelon allen,braelonallen,2024,80.9,16.0
Jason Sanders,MIA,6.0,K,199.4,jason sanders,jasonsanders,2024,-1.0,-1.0
Malachi Corley,NYJ,12.0,WR,199.5,malachi corley,malachicorley,2024,5.2,9.0
Josh Downs,IND,14.0,WR,200.5,josh downs,joshdowns,2024,164.1,13.0
Daniel Carlson,LV,10.0,K,200.8,daniel carlson,danielcarlson,2024,-1.0,-1.0
Matt Gay,WAS,14.0,K,201.0,matt gay,mattgay,2024,-1.0,-1.0
Jahan Dotson,PHI,5.0,WR,201.0,jahan dotson,jahandotson,2024,25.5,16.0
Tom Brady,FA,0.0,QB,202.0,tom brady,tombrady,2024,-1.0,-1.0
Cairo Santos,CHI,7.0,K,202.0,cairo santos,cairosantos,2024,-1.0,-1.0
Chig Okonkwo,TEN,5.0,TE,202.5,chig okonkwo,chigokonkwo,2024,-1.0,-1.0
DeMario Douglas,NE,14.0,WR,203.0,demario douglas,demariodouglas,2024,142.3,16.0
Ray Davis,BUF,12.0,RB,205.5,ray davis,raydavis,2024,101.6,16.0
Seattle Seahawks,DST,10.0,DST,205.6,seattle seahawks,seattleseahawks,2024,-1.0,-1.0
Detroit Lions,DST,5.0,DST,206.0,detroit lions,detroitlions,2024,-1.0,-1.0
Kimani Vidal,LAC,5.0,RB,207.3,kimani vidal,kimanividal,2024,32.7,9.0
Dalvin Cook,FA,0.0,RB,208.0,dalvin cook,dalvincook,2024,4.0,2.0
Atlanta Falcons,DST,12.0,DST,208.3,atlanta falcons,atlantafalcons,2024,-1.0,-1.0
Las Vegas Raiders,DST,10.0,DST,211.8,las vegas raiders,lasvegasraiders,2024,-1.0,-1.0
Dawson Knox,BUF,12.0,TE,212.3,dawson knox,dawsonknox,2024,59.1,16.0
Quentin Johnston,LAC,5.0,WR,212.7,quentin johnston,quentinjohnston,2024,143.1,14.0
Darren Waller,FA,0.0,TE,213.5,darren waller,darrenwaller,2024,-1.0,-1.0
Jake Bates,DET,5.0,K,214.0,jake bates,jakebates,2024,-1.0,-1.0
Dameon Pierce,HOU,14.0,RB,215.0,dameon pierce,dameonpierce,2024,19.9,10.0
Jermaine Burton,CIN,12.0,WR,215.3,jermaine burton,jermaineburton,2024,14.7,14.0
Ben Sinnott,WAS,14.0,TE,215.7,ben sinnott,bensinnott,2024,13.8,16.0
Roman Wilson,PIT,9.0,WR,215.7,roman wilson,romanwilson,2024,0.0,1.0
Bryce Young,CAR,11.0,QB,216.5,bryce young,bryceyoung,2024,158.6,13.0
Tyrone Tracy Jr.,NYG,11.0,RB,217.0,tyrone tracy,tyronetracy,2024,173.7,16.0
Matt Prater,FA,0.0,K,217.0,matt prater,mattprater,2024,-1.0,-1.0
Washington Commanders,DST,14.0,DST,217.3,washington commanders,washingtoncommanders,2024,-1.0,-1.0
Derek Carr,FA,0.0,QB,218.0,derek carr,derekcarr,2024,150.9,10.0
Indianapolis Colts,DST,14.0,DST,218.8,indianapolis colts,indianapoliscolts,2024,-1.0,-1.0
Will Reichard,MIN,6.0,K,220.3,will reichard,willreichard,2024,-1.0,-1.0
Justin Fields,NYJ,12.0,QB,221.0,justin fields,justinfields,2024,119.1,10.0
Green Bay Packers,DST,10.0,DST,222.3,green bay packers,greenbaypackers,2024,-1.0,-1.0
New England Patriots,DST,14.0,DST,222.7,new england patriots,newenglandpatriots,2024,-1.0,-1.0
Zach Ertz,WAS,14.0,TE,224.6,zach ertz,zachertz,2024,162.0,16.0
Odell Beckham Jr.,FA,0.0,WR,225.0,odell beckham,odellbeckham,2024,14.5,9.0
Carson Steele,KC,6.0,RB,225.7,carson steele,carsonsteele,2024,19.2,16.0
Michael Wilson,ARI,11.0,WR,226.3,michael wilson,michaelwilson,2024,124.5,16.0
Russell Wilson,NYG,11.0,QB,226.3,russell wilson,russellwilson,2024,161.3,10.0
Drake Maye,NE,14.0,QB,226.7,drake maye,drakemaye,2024,177.1,12.0
Graham Gano,NYG,11.0,K,227.0,graham gano,grahamgano,2024,-1.0,-1.0
Jonnu Smith,MIA,6.0,TE,227.3,jonnu smith,jonnusmith,2024,203.7,16.0
Alexander Mattison,MIA,6.0,RB,228.7,alexander mattison,alexandermattison,2024,130.3,13.0
Kenneth Gainwell,PIT,9.0,RB,229.3,kenneth gainwell,kennethgainwell,2024,58.3,16.0
Wil Lutz,DEN,14.0,K,230.0,wil lutz,willutz,2024,-1.0,-1.0
Los Angeles Chargers,DST,5.0,DST,230.0,los angeles chargers,losangeleschargers,2024,-1.0,-1.0
New York Giants,DST,11.0,DST,230.8,new york giants,newyorkgiants,2024,-1.0,-1.0
Blake Grupe,NO,12.0,K,231.0,blake grupe,blakegrupe,2024,-1.0,-1.0
Clyde Edwards-Helaire,NO,12.0,RB,231.5,clyde edwards helaire,clydeedwardshelaire,2024,5.0,1.0
Rashod Bateman,BAL,14.0,WR,232.0,rashod bateman,rashodbateman,2024,156.0,16.0
Chris Naggar,FA,0.0,K,233.0,chris naggar,chrisnaggar,2024,-1.0,-1.0
Minnesota Vikings,DST,6.0,DST,233.5,minnesota vikings,minnesotavikings,2024,-1.0,-1.0
Luke McCaffrey,WAS,14.0,WR,233.7,luke mccaffrey,lukemccaffrey,2024,34.8,16.0
Marvin Mims Jr.,DEN,14.0,WR,233.7,marvin mims,marvinmims,2024,107.4,16.0
Jacksonville Jaguars,DST,12.0,DST,234.0,jacksonville jaguars,jacksonvillejaguars,2024,-1.0,-1.0
Tank Bigsby,JAC,12.0,RB,235.0,tank bigsby,tankbigsby,2024,117.8,15.0
Mike Gesicki,CIN,12.0,TE,236.5,mike gesicki,mikegesicki,2024,126.7,16.0
Justice Hill,BAL,14.0,RB,236.7,justice hill,justicehill,2024,127.1,15.0
Cam Little,JAC,12.0,K,236.7,cam little,camlittle,2024,-1.0,-1.0
Mason Crosby,FA,0.0,K,237.0,mason crosby,masoncrosby,2024,-1.0,-1.0
Chase McLaughlin,TB,11.0,K,237.0,chase mclaughlin,chasemclaughlin,2024,-1.0,-1.0
Wan'Dale Robinson,NYG,11.0,WR,237.3,wandale robinson,wandalerobinson,2024,168.4,16.0
Michael Wiley,WAS,14.0,RB,238.0,michael wiley,michaelwiley,2024,-1.0,-1.0
Troy Franklin,DEN,14.0,WR,239.0,troy franklin,troyfranklin,2024,63.9,15.0
Noah Gray,KC,6.0,TE,239.5,noah gray,noahgray,2024,112.6,16.0
Tennessee Titans,DST,5.0,DST,241.0,tennessee titans,tennesseetitans,2024,-1.0,-1.0
Nick Folk,FA,0.0,K,242.0,nick folk,nickfolk,2024,-1.0,-1.0
Kendre Miller,NO,12.0,RB,243.5,kendre miller,kendremiller,2024,29.1,6.0
Kyle Juszczyk,SF,9.0,RB,243.5,kyle juszczyk,kylejuszczyk,2024,44.7,16.0
Roschon Johnson,CHI,7.0,RB,244.3,roschon johnson,roschonjohnson,2024,70.5,13.0
JuJu Smith-Schuster,KC,6.0,WR,245.5,juju smith schuster,jujusmithschuster,2024,51.7,13.0
Daniel Jones,IND,14.0,QB,246.7,daniel jones,danieljones,2024,135.3,10.0
Noah Fant,SEA,10.0,TE,248.0,noah fant,noahfant,2024,86.7,13.0
Sam Darnold,SEA,10.0,QB,249.0,sam darnold,samdarnold,2024,300.3,16.0
Ja'Tavion Sanders,CAR,11.0,TE,249.0,jatavion sanders,jatavionsanders,2024,66.7,15.0
Los Angeles Rams,DST,6.0,DST,250.3,los angeles rams,losangelesrams,2024,-1.0,-1.0
Tyler Boyd,FA,0.0,WR,250.7,tyler boyd,tylerboyd,2024,78.3,16.0
Gardner Minshew II,KC,6.0,QB,253.0,gardner minshew,gardnerminshew,2024,96.3,10.0
Jamaal Williams,FA,0.0,RB,253.7,jamaal williams,jamaalwilliams,2024,33.9,13.0
Keaton Mitchell,BAL,14.0,RB,254.3,keaton mitchell,keatonmitchell,2024,5.8,4.0
Audric Estime,DEN,14.0,RB,257.0,audric estime,audricestime,2024,39.3,12.0
Colby Parkinson,LAR,6.0,TE,257.7,colby parkinson,colbyparkinson,2024,63.8,16.0
Will Shipley,PHI,5.0,RB,258.7,will shipley,willshipley,2024,5.0,15.0
Greg Dulcich,NYG,11.0,TE,259.0,greg dulcich,gregdulcich,2024,7.8,8.0
Juwan Johnson,NO,12.0,TE,262.3,juwan johnson,juwanjohnson,2024,108.8,16.0
Jalen Tolbert,DAL,7.0,WR,263.7,jalen tolbert,jalentolbert,2024,138.2,16.0
Justin Watson,HOU,14.0,WR,264.0,justin watson,justinwatson,2024,61.4,16.0
Tucker Kraft,GB,10.0,TE,264.0,tucker kraft,tuckerkraft,2024,155.7,16.0
Rodrigo Blankenship,FA,0.0,K,265.0,rodrigo blankenship,rodrigoblankenship,2024,-1.0,-1.0
Greg Dortch,ARI,11.0,WR,265.3,greg dortch,gregdortch,2024,68.9,16.0
Demarcus Robinson,SF,9.0,WR,266.7,demarcus robinson,demarcusrobinson,2024,113.3,16.0
Braxton Berrios,HOU,14.0,WR,267.0,braxton berrios,braxtonberrios,2024,0.0,6.0
Cornelius Johnson,GB,10.0,WR,269.0,cornelius johnson,corneliusjohnson,2024,-1.0,-1.0
Joshua Karty,LAR,6.0,K,269.5,joshua karty,joshuakarty,2024,-1.0,-1.0
Darius Slayton,NYG,11.0,WR,270.0,darius slayton,dariusslayton,2024,110.0,15.0
Louis Rees-Zammit,JAC,12.0,RB,270.5,louis rees zammit,louisreeszammit,2024,-1.0,-1.0
Miles Sanders,DAL,7.0,RB,270.5,miles sanders,milessanders,2024,50.7,10.0
Samaje Perine,CIN,12.0,RB,271.3,samaje perine,samajeperine,2024,79.0,16.0
Michael Mayer,LV,10.0,TE,271.7,michael mayer,michaelmayer,2024,30.5,10.0
Ty'Son Williams,FA,0.0,RB,273.0,tyson williams,tysonwilliams,2024,-1.0,-1.0
Anthony Jones,FA,0.0,RB,274.0,anthony jones,anthonyjones,2024,-1.0,-1.0
Jalen McMillan,TB,11.0,WR,275.5,jalen mcmillan,jalenmcmillan,2024,116.4,12.0
Tejhaun Palmer,ARI,11.0,WR,276.0,tejhaun palmer,tejhaunpalmer,2024,-1.0,-1.0
K.J. Costello,FA,0.0,QB,276.0,kj costello,kjcostello,2024,-1.0,-1.0
KaVontae Turpin,DAL,7.0,WR,279.0,kavontae turpin,kavontaeturpin,2024,83.4,16.0
Christopher Dunn,FA,0.0,K,279.0,christopher dunn,christopherdunn,2024,-1.0,-1.0
Jauan Jennings,SF,9.0,WR,280.0,jauan jennings,jauanjennings,2024,198.3,14.0
Carolina Panthers,DST,11.0,DST,280.0,carolina panthers,carolinapanthers,2024,-1.0,-1.0
Charlie Taumoepeau,FA,0.0,TE,280.0,charlie taumoepeau,charlietaumoepeau,2024,-1.0,-1.0
Skyy Moore,KC,6.0,WR,280.5,skyy moore,skyymoore,2024,0.0,6.0
Cordarrelle Patterson,PIT,9.0,RB,281.0,cordarrelle patterson,cordarrellepatterson,2024,37.4,12.0
Jake Bobo,SEA,10.0,WR,281.0,jake bobo,jakebobo,2024,22.3,16.0
Jalin Hyatt,NYG,11.0,WR,282.5,jalin hyatt,jalinhyatt,2024,14.2,15.0
Kadarius Toney,FA,0.0,WR,282.7,kadarius toney,kadariustoney,2024,-2.4,3.0
Gerald Everett,FA,0.0,TE,284.0,gerald everett,geraldeverett,2024,11.6,16.0
Dylan McDuffie,FA,0.0,RB,284.0,dylan mcduffie,dylanmcduffie,2024,-1.0,-1.0
Hayden Hurst,FA,0.0,TE,287.0,hayden hurst,haydenhurst,2024,15.3,8.0
Anders Carlson,FA,0.0,K,287.5,anders carlson,anderscarlson,2024,-1.0,-1.0
Joey Slye,TEN,5.0,K,288.0,joey slye,joeyslye,2024,-1.0,-1.0
Jon Hilliman,FA,0.0,RB,290.0,jon hilliman,jonhilliman,2024,-1.0,-1.0
Kenny Pickett,CLE,10.0,QB,290.5,kenny pickett,kennypickett,2024,25.1,5.0
Dyami Brown,JAC,12.0,WR,290.5,dyami brown,dyamibrown,2024,62.0,15.0
Jermar Jefferson,FA,0.0,RB,290.5,jermar jefferson,jermarjefferson,2024,4.2,2.0
Jazz Ferguson,FA,0.0,WR,291.0,jazz ferguson,jazzferguson,2024,-1.0,-1.0
Durham Smythe,CHI,7.0,TE,292.0,durham smythe,durhamsmythe,2024,14.3,16.0
Jalen Virgil,BUF,12.0,WR,292.0,jalen virgil,jalenvirgil,2024,0.0,7.0
Josh Lambo,FA,0.0,K,293.0,josh lambo,joshlambo,2024,-1.0,-1.0
J.J. Taylor,HOU,14.0,RB,293.0,jj taylor,jjtaylor,2024,6.4,5.0
Brenden Rice,LAC,5.0,WR,293.3,brenden rice,brendenrice,2024,0.0,3.0
Tre Tucker,LV,10.0,WR,293.5,tre tucker,tretucker,2024,123.9,16.0
Matt Barkley,FA,0.0,QB,294.0,matt barkley,mattbarkley,2024,-1.0,-1.0
Jhamon Ausbon,FA,0.0,WR,294.0,jhamon ausbon,jhamonausbon,2024,-1.0,-1.0
Devontez Walker,BAL,14.0,WR,294.3,devontez walker,devontezwalker,2024,9.1,8.0
Aidan O'Connell,LV,10.0,QB,295.0,aidan oconnell,aidanoconnell,2024,77.6,8.0
Deuce Vaughn,DAL,7.0,RB,295.5,deuce vaughn,deucevaughn,2024,8.1,6.0
James White,FA,0.0,RB,296.0,james white,jameswhite,2024,-1.0,-1.0
Ethan Fernea,FA,0.0,WR,297.0,ethan fernea,ethanfernea,2024,-1.0,-1.0
Eddy Pineiro,FA,0.0,K,298.0,eddy pineiro,eddypineiro,2024,-1.0,-1.0
Andrei Iosivas,CIN,12.0,WR,298.5,andrei iosivas,andreiiosivas,2024,116.7,16.0
Van Jefferson,TEN,5.0,WR,299.0,van jefferson,vanjefferson,2024,58.8,16.0
Elijah Moore,BUF,12.0,WR,301.0,elijah moore,elijahmoore,2024,114.3,16.0
J.D. McKissic,FA,0.0,RB,301.0,jd mckissic,jdmckissic,2024,-1.0,-1.0
D'Onta Foreman,FA,0.0,RB,302.0,donta foreman,dontaforeman,2024,28.1,10.0
Michael Penix Jr.,ATL,12.0,QB,302.3,michael penix,michaelpenix,2024,19.1,4.0
Allen Lazard,NYJ,12.0,WR,303.0,allen lazard,allenlazard,2024,109.9,11.0
Kalif Raymond,DET,5.0,WR,304.0,kalif raymond,kalifraymond,2024,48.4,11.0
Corey Clement,FA,0.0,RB,305.0,corey clement,coreyclement,2024,-1.0,-1.0
Darnell Washington,PIT,9.0,TE,305.0,darnell washington,darnellwashington,2024,45.0,16.0
Eric Gray,NYG,11.0,RB,306.0,eric gray,ericgray,2024,15.3,16.0
Joshua Dobbs,NE,14.0,QB,307.0,joshua dobbs,joshuadobbs,2024,8.1,1.0
Jordan Whittington,LAR,6.0,WR,307.7,jordan whittington,jordanwhittington,2024,39.7,14.0
Luke Schoonmaker,DAL,7.0,TE,308.5,luke schoonmaker,lukeschoonmaker,2024,53.5,16.0
Mecole Hardman Jr.,GB,10.0,WR,308.5,mecole hardman,mecolehardman,2024,33.2,12.0
Cade York,FA,0.0,K,309.5,cade york,cadeyork,2024,-1.0,-1.0
Isaac Guerendo,SF,9.0,RB,310.0,isaac guerendo,isaacguerendo,2024,93.7,15.0
Dylan Laube,LV,10.0,RB,310.0,dylan laube,dylanlaube,2024,-2.0,9.0
Peter LeBlanc,FA,0.0,WR,310.0,peter leblanc,peterleblanc,2024,-1.0,-1.0
Michael Gallup,WAS,14.0,WR,311.0,michael gallup,michaelgallup,2024,-1.0,-1.0
Derek Watt,FA,0.0,RB,311.0,derek watt,derekwatt,2024,-1.0,-1.0
Brandon McManus,GB,10.0,K,311.3,brandon mcmanus,brandonmcmanus,2024,-1.0,-1.0
Eli Stove,FA,0.0,WR,312.0,eli stove,elistove,2024,-1.0,-1.0
Caleb Huntley,FA,0.0,RB,313.0,caleb huntley,calebhuntley,2024,-1.0,-1.0
Cade Stover,HOU,14.0,TE,313.5,cade stover,cadestover,2024,34.3,14.0
A.T. Perry,DEN,14.0,WR,314.0,at perry,atperry,2024,-1.0,-1.0
Zay Jones,ARI,11.0,WR,314.5,zay jones,zayjones,2024,7.8,10.0
K.J. Osborn,WAS,14.0,WR,315.5,kj osborn,kjosborn,2024,18.7,8.0
Carson Wentz,FA,0.0,QB,315.5,carson wentz,carsonwentz,2024,0.8,2.0
Trey Sermon,PIT,9.0,RB,316.0,trey sermon,treysermon,2024,52.3,16.0
Clayton Thorson,FA,0.0,QB,316.0,clayton thorson,claytonthorson,2024,-1.0,-1.0
Joe Flacco,CLE,10.0,QB,317.5,joe flacco,joeflacco,2024,84.5,7.0
Tim Patrick,DET,5.0,WR,319.0,tim patrick,timpatrick,2024,88.9,15.0
Connor Heyward,PIT,9.0,TE,320.0,connor heyward,connorheyward,2024,16.0,16.0
Jared Wiley,KC,6.0,TE,320.5,jared wiley,jaredwiley,2024,1.7,7.0
Cole McDonald,FA,0.0,QB,321.0,cole mcdonald,colemcdonald,2024,-1.0,-1.0
Javon Baker,NE,14.0,WR,323.7,javon baker,javonbaker,2024,0.0,10.0
Malcolm Brown,FA,0.0,RB,324.0,malcolm brown,malcolmbrown,2024,-1.0,-1.0
Brevin Jordan,HU,14.0,TE,326.0,brevin jordan,brevinjordan,2024,2.7,2.0
Calvin Austin III,PIT,9.0,WR,326.0,calvin austin,calvinaustin,2024,114.8,16.0
Robbie Gould,FA,0.0,K,327.0,robbie gould,robbiegould,2024,-1.0,-1.0
Jimmy Garoppolo,LAR,6.0,QB,328.5,jimmy garoppolo,jimmygaroppolo,2024,-1.0,-1.0
Hendon Hooker,DET,5.0,QB,329.5,hendon hooker,hendonhooker,2024,2.7,3.0
Malik Washington,MIA,6.0,WR,331.0,malik washington,malikwashington,2024,48.0,13.0
Brock Wright,DET,5.0,TE,331.5,brock wright,brockwright,2024,35.0,16.0
Daniel Bellinger,NYG,11.0,TE,331.7,daniel bellinger,danielbellinger,2024,23.6,16.0
Nelson Agholor,FA,0.0,WR,332.0,nelson agholor,nelsonagholor,2024,49.1,14.0
Chad Ryland,ARI,11.0,K,332.0,chad ryland,chadryland,2024,-1.0,-1.0
Zach Wilson,MIA,6.0,QB,332.5,zach wilson,zachwilson,2024,-1.0,-1.0
Theo Johnson,NYG,11.0,TE,333.0,theo johnson,theojohnson,2024,68.1,12.0
Jacoby Brissett,ARI,11.0,QB,333.0,jacoby brissett,jacobybrissett,2024,45.2,8.0
Kendrick Bourne,NE,14.0,WR,334.0,kendrick bourne,kendrickbourne,2024,61.9,11.0
Leonard Fournette,FA,0.0,RB,334.0,leonard fournette,leonardfournette,2024,-1.0,-1.0
Josh Reynolds,NYJ,12.0,WR,334.5,josh reynolds,joshreynolds,2024,36.3,8.0
Greg Joseph,SF,9.0,K,334.5,greg joseph,gregjoseph,2024,-1.0,-1.0
Equanimeous St. Brown,FA,0.0,WR,334.5,equanimeous st brown,equanimeousstbrown,2024,0.0,2.0
Cam Akers,NO,12.0,RB,334.7,cam akers,camakers,2024,84.3,16.0
Donovan Peoples-Jones,NO,12.0,WR,336.0,donovan peoples jones,donovanpeoplesjones,2024,-1.0,-1.0
Josh Gordon,FA,0.0,WR,338.0,josh gordon,joshgordon,2024,-1.0,-1.0
Jonathan Mingo,DAL,7.0,WR,340.3,jonathan mingo,jonathanmingo,2024,27.8,16.0
Tommy DeVito,NYG,11.0,QB,343.5,tommy devito,tommydevito,2024,13.5,3.0
DeWayne McBride,FA,0.0,RB,344.0,dewayne mcbride,dewaynemcbride,2024,-1.0,-1.0
Treylon Burks,TEN,5.0,WR,347.0,treylon burks,treylonburks,2024,7.5,5.0
Tyler Scott,CHI,7.0,WR,349.0,tyler scott,tylerscott,2024,1.5,10.0
Keaontay Ingram,KC,6.0,RB,349.0,keaontay ingram,keaontayingram,2024,0.0,1.0
Matt Ryan,FA,0.0,QB,350.0,matt ryan,mattryan,2024,-1.0,-1.0
Brett Maher,FA,0.0,K,352.0,brett maher,brettmaher,2024,-1.0,-1.0
Ty Johnson,BUF,12.0,RB,354.0,ty johnson,tyjohnson,2024,89.4,16.0
Craig Reynolds,DET,5.0,RB,356.0,craig reynolds,craigreynolds,2024,17.0,16.0
Trey Lance,LAC,5.0,QB,357.5,trey lance,treylance,2024,0.4,3.0
Cooper Rush,BAL,14.0,QB,359.0,cooper rush,cooperrush,2024,109.6,12.0
Sam Howell,MIN,6.0,QB,361.0,sam howell,samhowell,2024,-0.8,3.0
Spencer Rattler,NO,12.0,QB,361.0,spencer rattler,spencerrattler,2024,52.6,6.0
Josh Oliver,MIN,6.0,TE,363.0,josh oliver,josholiver,2024,62.2,14.0
D.J. Montgomery,IND,14.0,WR,364.0,dj montgomery,djmontgomery,2024,-1.0,-1.0
Jakob Johnson,HOU,14.0,RB,364.0,jakob johnson,jakobjohnson,2024,0.0,3.0
Patrick Taylor Jr.,SF,9.0,RB,364.5,patrick taylor,patricktaylor,2024,16.7,12.0
Elijah Higgins,ARI,11.0,TE,365.0,elijah higgins,elijahhiggins,2024,49.2,16.0
Henry Pearson,FA,0.0,RB,367.0,henry pearson,henrypearson,2024,-1.0,-1.0
Davis Allen,LAR,6.0,TE,367.0,davis allen,davisallen,2024,9.9,14.0
Johnny Wilson,PHI,5.0,WR,367.0,johnny wilson,johnnywilson,2024,9.4,15.0
Mo Alie-Cox,IND,14.0,TE,368.5,mo alie cox,moaliecox,2024,32.7,16.0
Tutu Atwell,LAR,6.0,WR,370.0,tutu atwell,tutuatwell,2024,90.2,16.0
David Moore,CAR,11.0,WR,371.0,david moore,davidmoore,2024,77.2,16.0
DJ Chark Jr.,FA,0.0,WR,371.0,dj chark,djchark,2024,5.5,6.0
John Metchie III,HOU,14.0,WR,371.5,john metchie,johnmetchie,2024,51.0,12.0
Tyler Higbee,LAR,6.0,TE,371.7,tyler higbee,tylerhigbee,2024,11.0,2.0
Shane Zylstra,DET,5.0,TE,372.0,shane zylstra,shanezylstra,2024,3.2,11.0
Robert Woods,PIT,9.0,WR,373.0,robert woods,robertwoods,2024,34.4,14.0
Nick Sciba,FA,0.0,K,373.0,nick sciba,nicksciba,2024,-1.0,-1.0
Alec Ingold,MIA,6.0,RB,374.0,alec ingold,alecingold,2024,22.2,14.0
Justyn Ross,KC,6.0,WR,375.0,justyn ross,justynross,2024,0.0,2.0
Kenny McIntosh,SEA,10.0,RB,379.0,kenny mcintosh,kennymcintosh,2024,17.5,16.0
Khari Blasingame,FA,0.0,RB,379.0,khari blasingame,khariblasingame,2024,0.0,5.0
Lucky Jackson,MIN,6.0,WR,379.5,lucky jackson,luckyjackson,2024,-1.0,-1.0
Tyson Bagent,CHI,7.0,QB,380.0,tyson bagent,tysonbagent,2024,-0.3,4.0
Emanuel Wilson,GB,10.0,RB,380.0,emanuel wilson,emanuelwilson,2024,81.9,16.0
Julio Jones,FA,0.0,WR,380.0,julio jones,juliojones,2024,-1.0,-1.0
Adam Trautman,DEN,14.0,TE,381.0,adam trautman,adamtrautman,2024,43.8,16.0
Ameer Abdullah,FA,0.0,RB,381.0,ameer abdullah,ameerabdullah,2024,125.2,16.0
Julian Hill,MIA,6.0,TE,382.0,julian hill,julianhill,2024,22.0,15.0
Rasheen Ali,BAL,14.0,RB,382.5,rasheen ali,rasheenali,2024,3.1,5.0
Nick Foles,FA,0.0,QB,384.0,nick foles,nickfoles,2024,-1.0,-1.0
Jeff Wilson Jr.,FA,0.0,RB,384.5,jeff wilson,jeffwilson,2024,11.0,9.0
James Turner,FA,0.0,K,385.0,james turner,jamesturner,2024,-1.0,-1.0
Joe Milton III,DAL,7.0,QB,386.0,joe milton,joemilton,2024,-1.0,-1.0
Ronnie Bell,DET,5.0,WR,386.0,ronnie bell,ronniebell,2024,4.2,9.0
Jarrett Stidham,DEN,14.0,QB,386.0,jarrett stidham,jarrettstidham,2024,-0.2,2.0
Frank Gore Jr.,BUF,12.0,RB,387.0,frank gore,frankgore,2024,-1.0,-1.0
Tanner Hudson,CIN,12.0,TE,387.5,tanner hudson,tannerhudson,2024,36.4,10.0
Justin Jackson,FA,0.0,RB,388.0,justin jackson,justinjackson,2024,-1.0,-1.0
Brayden Narveson,FA,0.0,K,388.0,brayden narveson,braydennarveson,2024,-1.0,-1.0
Matthew Wright,CAR,11.0,K,389.0,matthew wright,matthewwright,2024,-1.0,-1.0
Bo Melton,GB,10.0,WR,389.0,bo melton,bomelton,2024,22.4,16.0
Austin Hooper,NE,14.0,TE,389.5,austin hooper,austinhooper,2024,101.9,16.0
Brandon Powell,FA,0.0,WR,389.5,brandon powell,brandonpowell,2024,14.1,16.0
Steven Sims Jr.,SEA,10.0,WR,391.0,steven sims,stevensims,2024,0.0,8.0
Hunter Renfrow,CAR,11.0,WR,392.0,hunter renfrow,hunterrenfrow,2024,-1.0,-1.0
Ainias Smith,PHI,5.0,WR,394.0,ainias smith,ainiassmith,2024,3.8,6.0
AJ Barner,SEA,10.0,TE,395.0,aj barner,ajbarner,2024,64.1,16.0
Peyton Hendershot,FA,0.0,TE,396.0,peyton hendershot,peytonhendershot,2024,5.6,6.0
Kevin Harris,FA,0.0,RB,397.0,kevin harris,kevinharris,2024,-1.0,-1.0
Patrick Ricard,BAL,14.0,RB,397.5,patrick ricard,patrickricard,2024,14.8,16.0
Lucas Havrisik,FA,0.0,K,399.0,lucas havrisik,lucashavrisik,2024,-1.0,-1.0
Trenton Irwin,JAC,12.0,WR,400.0,trenton irwin,trentonirwin,2024,4.5,7.0
Israel Abanikanda,SF,9.0,RB,401.0,israel abanikanda,israelabanikanda,2024,-1.0,-1.0
C.J. Ham,MIN,6.0,RB,401.0,cj ham,cjham,2024,13.5,16.0
Pharaoh Brown,MIA,6.0,TE,402.0,pharaoh brown,pharaohbrown,2024,12.5,14.0
Trey Palmer,TB,11.0,WR,402.0,trey palmer,treypalmer,2024,35.2,14.0
Tanner Brown,FA,0.0,K,402.5,tanner brown,tannerbrown,2024,-1.0,-1.0
Deneric Prince,FA,0.0,RB,403.0,deneric prince,denericprince,2024,-1.0,-1.0
Chris Conley,FA,0.0,WR,403.5,chris conley,chrisconley,2024,3.7,14.0
Ryan Succop,FA,0.0,K,406.0,ryan succop,ryansuccop,2024,-1.0,-1.0
Charlie Smyth,NO,12.0,K,406.0,charlie smyth,charliesmyth,2024,-1.0,-1.0
Johnny Mundt,JAC,12.0,TE,407.5,johnny mundt,johnnymundt,2024,45.2,16.0
Kareem Hunt,KC,6.0,RB,409.0,kareem hunt,kareemhunt,2024,155.4,13.0
DeeJay Dallas,ARI,11.0,RB,409.5,deejay dallas,deejaydallas,2024,11.3,16.0
Kyle Allen,DET,5.0,QB,410.0,kyle allen,kyleallen,2024,0.8,1.0
Andy Dalton,CAR,11.0,QB,410.0,andy dalton,andydalton,2024,59.0,6.0
Raheem Blackshear,CAR,11.0,RB,410.5,raheem blackshear,raheemblackshear,2024,3.3,15.0
Matthew Slater,FA,0.0,WR,411.0,matthew slater,matthewslater,2024,-1.0,-1.0
Malik Heath,GB,10.0,WR,412.0,malik heath,malikheath,2024,23.4,12.0
Dare Ogunbowale,HOU,14.0,RB,412.0,dare ogunbowale,dareogunbowale,2024,51.7,16.0
Brandon Allen,TEN,5.0,QB,413.0,brandon allen,brandonallen,2024,6.4,3.0
Isaiah Williams,CIN,12.0,WR,413.0,isaiah williams,isaiahwilliams,2024,2.6,7.0
Ray-Ray McCloud III,ATL,12.0,WR,413.0,ray ray mccloud,rayraymccloud,2024,129.9,16.0
Grant Calcaterra,PHI,5.0,TE,414.0,grant calcaterra,grantcalcaterra,2024,56.8,16.0
Alec Pierce,IND,14.0,WR,414.5,alec pierce,alecpierce,2024,147.7,15.0
Parris Campbell,DAL,7.0,WR,415.0,parris campbell,parriscampbell,2024,15.0,5.0
Britain Covey,LAR,6.0,WR,415.5,britain covey,britaincovey,2024,10.4,5.0
Jake Browning,CIN,12.0,QB,416.0,jake browning,jakebrowning,2024,-0.2,3.0
Will Mallory,IND,14.0,TE,417.5,will mallory,willmallory,2024,6.9,10.0
Josh Pederson,FA,0.0,TE,418.0,josh pederson,joshpederson,2024,-1.0,-1.0
Mac Jones,SF,9.0,QB,418.5,mac jones,macjones,2024,83.4,9.0
Colson Yankoff,WAS,14.0,TE,418.5,colson yankoff,colsonyankoff,2024,0.0,6.0
Kylen Granson,PHI,5.0,TE,419.0,kylen granson,kylengranson,2024,30.5,16.0
Mack Hollins,NE,14.0,WR,419.0,mack hollins,mackhollins,2024,93.3,16.0
Carson Strong,FA,0.0,QB,420.0,carson strong,carsonstrong,2024,-1.0,-1.0
Jordan Akins,FA,0.0,TE,420.0,jordan akins,jordanakins,2024,73.0,16.0
Mark Ingram,II,0.0,RB,421.0,mark ingram,markingram,2024,-1.0,-1.0
Jameis Winston,NYG,11.0,QB,421.0,jameis winston,jameiswinston,2024,131.1,12.0
David Bell,CLE,10.0,WR,422.0,david bell,davidbell,2024,5.7,1.0
Riley Patterson,FA,0.0,K,422.0,riley patterson,rileypatterson,2024,-1.0,-1.0
A.J. Green,FA,0.0,WR,423.0,aj green,ajgreen,2024,-1.0,-1.0
Parker Washington,JAC,12.0,WR,425.0,parker washington,parkerwashington,2024,81.5,16.0
MyCole Pruitt,FA,0.0,TE,427.0,mycole pruitt,mycolepruitt,2024,16.0,11.0
Marcedes Lewis,FA,0.0,TE,428.0,marcedes lewis,marcedeslewis,2024,1.2,16.0
Jalen Brooks,DAL,7.0,WR,428.5,jalen brooks,jalenbrooks,2024,35.7,13.0
Emari Demercado,ARI,11.0,RB,430.0,emari demercado,emaridemercado,2024,54.7,13.0
Trace McSorley,FA,0.0,QB,431.0,trace mcsorley,tracemcsorley,2024,-1.0,-1.0
Jimmy Graham,FA,0.0,TE,431.0,jimmy graham,jimmygraham,2024,-1.0,-1.0
Anthony Brown Jr.,FA,0.0,QB,432.0,anthony brown,anthonybrown,2024,-1.0,-1.0
Teddy Bridgewater,FA,0.0,QB,434.0,teddy bridgewater,teddybridgewater,2024,-1.0,-1.0
Ramiz Ahmed,FA,0.0,K,435.0,ramiz ahmed,ramizahmed,2024,-1.0,-1.0
Ryan Tannehill,FA,0.0,QB,435.0,ryan tannehill,ryantannehill,2024,-1.0,-1.0
Noah Brown,WAS,14.0,WR,438.0,noah brown,noahbrown,2024,86.3,11.0
Charlie Jones,CIN,12.0,WR,439.5,charlie jones,charliejones,2024,-0.5,8.0
Drew Ogletree,IND,14.0,TE,441.0,drew ogletree,drewogletree,2024,22.8,16.0
Melvin Gordon,III,0.0,RB,441.0,melvin gordon,melvingordon,2024,-1.0,-1.0
Velus Jones Jr.,NO,12.0,WR,442.5,velus jones,velusjones,2024,2.9,3.0
Sione Vaki,DET,5.0,RB,442.5,sione vaki,sionevaki,2024,8.1,15.0
Jalen Nailor,MIN,6.0,WR,443.0,jalen nailor,jalennailor,2024,96.7,16.0
Rex Burkhead,FA,0.0,RB,443.0,rex burkhead,rexburkhead,2024,-1.0,-1.0
Drew Lock,SEA,10.0,QB,444.0,drew lock,drewlock,2024,72.3,7.0
Caleb Shudak,FA,0.0,K,445.0,caleb shudak,calebshudak,2024,-1.0,-1.0
Donald Parham Jr.,PIT,9.0,TE,445.0,donald parham,donaldparham,2024,-1.0,-1.0
Jake Funk,FA,0.0,RB,445.5,jake funk,jakefunk,2024,-1.0,-1.0
Josh Johnson,WAS,14.0,QB,446.5,josh johnson,joshjohnson,2024,0.8,5.0
Lil'Jordan Humphrey,NYG,11.0,WR,447.0,liljordan humphrey,liljordanhumphrey,2024,59.7,16.0
KJ Hamler,BUF,12.0,WR,447.0,kj hamler,kjhamler,2024,-1.0,-1.0
Trishton Jackson,ARI,11.0,WR,448.5,trishton jackson,trishtonjackson,2024,0.0,2.0
Bub Means,NO,12.0,WR,449.0,bub means,bubmeans,2024,26.8,7.0
Quez Watkins,ARI,11.0,WR,450.0,quez watkins,quezwatkins,2024,-1.0,-1.0
Dez Fitzpatrick,LAC,5.0,WR,452.0,dez fitzpatrick,dezfitzpatrick,2024,-1.0,-1.0
Kene Nwangwu,NYJ,12.0,RB,453.0,kene nwangwu,kenenwangwu,2024,0.0,2.0
Michael Carter,ARI,11.0,RB,454.0,michael carter,michaelcarter,2024,19.9,2.0
Mitchell Trubisky,BUF,12.0,QB,455.5,mitchell trubisky,mitchelltrubisky,2024,6.0,8.0
Malik Davis,FA,0.0,RB,459.0,malik davis,malikdavis,2024,-1.0,-1.0
Jerick McKinnon,FA,0.0,RB,460.0,jerick mckinnon,jerickmckinnon,2024,-1.0,-1.0
Samson Nacua,FA,0.0,WR,460.0,samson nacua,samsonnacua,2024,-1.0,-1.0
Ronnie Rivers,LAR,6.0,RB,461.0,ronnie rivers,ronnierivers,2024,6.1,16.0
Randy Bullock,FA,0.0,K,462.0,randy bullock,randybullock,2024,-1.0,-1.0
Cody Schrader,LAR,6.0,RB,462.0,cody schrader,codyschrader,2024,-1.0,-1.0
Bailey Zappe,KC,6.0,QB,462.0,bailey zappe,baileyzappe,2024,-1.0,-1.0
Cedric Tillman,CLE,10.0,WR,462.0,cedric tillman,cedrictillman,2024,80.4,11.0
Ryan Flournoy,DAL,7.0,WR,462.5,ryan flournoy,ryanflournoy,2024,14.8,10.0
Zach Evans,NYJ,12.0,RB,463.0,zach evans,zachevans,2024,-1.0,-1.0
Anthony McFarland Jr.,FA,0.0,RB,463.3,anthony mcfarland,anthonymcfarland,2024,-1.0,-1.0
James McCourt,FA,0.0,K,464.0,james mccourt,jamesmccourt,2024,-1.0,-1.0
Chris Rodriguez Jr.,WAS,14.0,RB,464.0,chris rodriguez,chrisrodriguez,2024,31.5,9.0
Tylan Wallace,BAL,14.0,WR,464.5,tylan wallace,tylanwallace,2024,36.3,16.0
Marquez Valdes-Scantling,SEA,10.0,WR,466.0,marquez valdes scantling,marquezvaldesscantling,2024,78.2,13.0
E.J. Jenkins,PHI,5.0,TE,466.0,ej jenkins,ejjenkins,2024,0.0,7.0
Xavier Gipson,NYJ,12.0,WR,467.0,xavier gipson,xaviergipson,2024,13.9,16.0
Chris Brooks,GB,10.0,RB,468.0,chris brooks,chrisbrooks,2024,36.3,14.0
Sean Tucker,TB,11.0,RB,469.0,sean tucker,seantucker,2024,67.1,16.0
Jonathan Garibay,FA,0.0,K,470.0,jonathan garibay,jonathangaribay,2024,-1.0,-1.0
Isaiah McKenzie,FA,0.0,WR,470.5,isaiah mckenzie,isaiahmckenzie,2024,-1.0,-1.0
Bryce Perkins,FA,0.0,QB,471.0,bryce perkins,bryceperkins,2024,-1.0,-1.0
Jase McClellan,FA,0.0,RB,471.0,jase mcclellan,jasemcclellan,2024,3.2,2.0
Kameron Johnson,TB,11.0,WR,473.0,kameron johnson,kameronjohnson,2024,1.1,5.0
Jeremy Ruckert,NYJ,12.0,TE,473.0,jeremy ruckert,jeremyruckert,2024,27.0,16.0
Xavier Weaver,ARI,11.0,WR,474.5,xavier weaver,xavierweaver,2024,0.0,1.0
Tyrod Taylor,NYJ,12.0,QB,475.0,tyrod taylor,tyrodtaylor,2024,20.1,2.0
Jamari Thrash,CLE,10.0,WR,476.5,jamari thrash,jamarithrash,2024,5.2,8.0
Brandon Bolden,FA,0.0,RB,477.0,brandon bolden,brandonbolden,2024,-1.0,-1.0
Ashton Dulin,IND,14.0,WR,477.0,ashton dulin,ashtondulin,2024,19.2,14.0
Devin Culp,TB,11.0,TE,478.0,devin culp,devinculp,2024,8.2,4.0
Damien Harris,FA,0.0,RB,478.0,damien harris,damienharris,2024,-1.0,-1.0
DeVante Parker,FA,0.0,WR,479.0,devante parker,devanteparker,2024,-1.0,-1.0
Marcus Mariota,WAS,14.0,QB,480.0,marcus mariota,marcusmariota,2024,19.7,2.0
C.J. Uzomah,FA,0.0,TE,481.0,cj uzomah,cjuzomah,2024,0.0,7.0
Sterling Shepard,TB,11.0,WR,482.0,sterling shepard,sterlingshepard,2024,78.2,13.0
Princeton Fant,DAL,7.0,TE,484.0,princeton fant,princetonfant,2024,0.0,7.0
Eno Benjamin,FA,0.0,RB,484.0,eno benjamin,enobenjamin,2024,-1.0,-1.0
Jaheim Bell,NE,14.0,TE,484.5,jaheim bell,jaheimbell,2024,1.1,14.0
Travis Homer,CHI,7.0,RB,485.5,travis homer,travishomer,2024,6.4,10.0
Drew Sample,CIN,12.0,TE,486.0,drew sample,drewsample,2024,31.1,16.0
P.J. Walker,FA,0.0,QB,487.0,pj walker,pjwalker,2024,-1.0,-1.0
Matt Breida,FA,0.0,RB,488.0,matt breida,mattbreida,2024,-1.0,-1.0
Rashard Higgins,FA,0.0,WR,490.0,rashard higgins,rashardhiggins,2024,-1.0,-1.0
Tyreik McAllister,FA,0.0,WR,490.0,tyreik mcallister,tyreikmcallister,2024,1.1,3.0
Royce Freeman,FA,0.0,RB,491.0,royce freeman,roycefreeman,2024,-1.0,-1.0
Brenton Strange,JAC,12.0,TE,491.5,brenton strange,brentonstrange,2024,81.1,16.0
Cedrick Wilson Jr.,NO,12.0,WR,494.0,cedrick wilson,cedrickwilson,2024,41.9,14.0
River Cracraft,FA,0.0,WR,494.5,river cracraft,rivercracraft,2024,5.8,7.0
Joe Reed,FA,0.0,WR,495.0,joe reed,joereed,2024,-1.0,-1.0
Will Dissly,LAC,5.0,TE,496.0,will dissly,willdissly,2024,94.9,14.0
Lucas Krull,DEN,14.0,TE,496.5,lucas krull,lucaskrull,2024,34.2,12.0
Boston Scott,FA,0.0,RB,497.0,boston scott,bostonscott,2024,-1.0,-1.0
Trent Sherfield Sr.,DEN,14.0,WR,498.0,trent sherfield,trentsherfield,2024,22.3,16.0
Matt Ammendola,FA,0.0,K,498.0,matt ammendola,mattammendola,2024,-1.0,-1.0
Foster Moreau,NO,12.0,TE,499.0,foster moreau,fostermoreau,2024,96.2,16.0
Trayveon Williams,NE,14.0,RB,500.0,trayveon williams,trayveonwilliams,2024,0.0,15.0
Michael Thomas,FA,0.0,WR,500.0,michael thomas,michaelthomas,2024,-1.0,-1.0
John Bates,WAS,14.0,TE,500.5,john bates,johnbates,2024,14.4,16.0
Andrew Beck,NYJ,12.0,RB,501.0,andrew beck,andrewbeck,2024,0.0,4.0
Irv Smith Jr.,HOU,14.0,TE,502.0,irv smith,irvsmith,2024,0.0,4.0
Olamide Zaccheaus,CHI,7.0,WR,503.0,olamide zaccheaus,olamidezaccheaus,2024,107.3,16.0
Devin Duvernay,CHI,7.0,WR,505.0,devin duvernay,devinduvernay,2024,19.2,12.0
Skylar Thompson,PIT,9.0,QB,505.5,skylar thompson,skylarthompson,2024,7.9,3.0
Harrison Bryant,PHI,5.0,TE,506.0,harrison bryant,harrisonbryant,2024,17.6,12.0
Zach Pascal,NYG,11.0,WR,506.5,zach pascal,zachpascal,2024,0.0,16.0
Salvon Ahmed,IND,14.0,RB,508.0,salvon ahmed,salvonahmed,2024,-1.0,-1.0
Scotty Miller,PIT,9.0,WR,509.5,scotty miller,scottymiller,2024,11.9,13.0
Nick Westbrook-Ikhine,MIA,6.0,WR,510.0,nick westbrook ikhine,nickwestbrookikhine,2024,126.7,16.0
Jaren Hall,FA,0.0,QB,510.5,jaren hall,jarenhall,2024,-1.0,-1.0
Eric Saubert,SEA,10.0,TE,510.5,eric saubert,ericsaubert,2024,21.0,16.0
Tim Jones,MIN,6.0,WR,511.0,tim jones,timjones,2024,7.1,16.0
Kenny Yeboah,DET,5.0,TE,512.0,kenny yeboah,kennyyeboah,2024,11.7,8.0
Tommy Tremble,CAR,11.0,TE,514.0,tommy tremble,tommytremble,2024,45.4,11.0
Albert Okwuegbunam Jr.,IND,14.0,TE,514.5,albert okwuegbunam,albertokwuegbunam,2024,-1.0,-1.0
Trent Taylor,SF,9.0,WR,515.0,trent taylor,trenttaylor,2024,0.0,1.0
Nathan Peterman,FA,0.0,QB,515.5,nathan peterman,nathanpeterman,2024,-1.0,-1.0
Tre' McKitty,FA,0.0,TE,517.0,tre mckitty,tremckitty,2024,-1.0,-1.0
Dee Eskridge,MIA,6.0,WR,518.0,dee eskridge,deeeskridge,2024,7.4,6.0
Nathan Rourke,FA,0.0,QB,519.5,nathan rourke,nathanrourke,2024,-1.0,-1.0
Jacob Cowing,SF,9.0,WR,520.0,jacob cowing,jacobcowing,2024,7.0,14.0
Derius Davis,LAC,5.0,WR,520.5,derius davis,deriusdavis,2024,38.7,14.0
Ben DiNucci,FA,0.0,QB,520.5,ben dinucci,bendinucci,2024,-1.0,-1.0
Jack Stoll,NO,12.0,TE,521.0,jack stoll,jackstoll,2024,3.0,10.0
Malik Willis,GB,10.0,QB,521.0,malik willis,malikwillis,2024,48.1,6.0
Michael Pratt,TB,11.0,QB,522.0,michael pratt,michaelpratt,2024,-1.0,-1.0
John FitzPatrick,GB,10.0,TE,522.0,john fitzpatrick,johnfitzpatrick,2024,1.2,8.0
Armani Rogers,FA,0.0,TE,522.5,armani rogers,armanirogers,2024,-1.0,-1.0
James Mitchell,CAR,11.0,TE,524.0,james mitchell,jamesmitchell,2024,0.0,1.0
Tyler Goodson,IND,14.0,RB,525.0,tyler goodson,tylergoodson,2024,42.9,15.0
Davis Mills,HOU,14.0,QB,528.5,davis mills,davismills,2024,3.4,3.0
Pierre Strong Jr.,CLE,10.0,RB,529.0,pierre strong,pierrestrong,2024,35.2,14.0
Ian Thomas,LV,10.0,TE,529.5,ian thomas,ianthomas,2024,3.7,5.0
Chris Moore,WAS,14.0,WR,531.5,chris moore,chrismoore,2024,0.0,5.0
Jake Tonges,SF,9.0,TE,532.0,jake tonges,jaketonges,2024,0.0,15.0
James Robinson,FA,0.0,RB,532.0,james robinson,jamesrobinson,2024,-1.0,-1.0
Dareke Young,SEA,10.0,WR,533.0,dareke young,darekeyoung,2024,0.0,13.0
SaRodorick Thompson Jr.,FA,0.0,RB,533.5,sarodorick thompson,sarodorickthompson,2024,-1.0,-1.0
Parker Hesse,FA,0.0,TE,534.0,parker hesse,parkerhesse,2024,0.0,5.0
Hunter Long,JAC,12.0,TE,534.5,hunter long,hunterlong,2024,13.0,16.0
Dante Miller,NYG,11.0,RB,536.0,dante miller,dantemiller,2024,0.0,2.0
Harrison Mevis,NYJ,12.0,K,536.0,harrison mevis,harrisonmevis,2024,-1.0,-1.0
Brandon Johnson,PIT,9.0,WR,537.0,brandon johnson,brandonjohnson,2024,1.9,3.0
Deonte Harty,FA,0.0,WR,537.5,deonte harty,deonteharty,2024,0.0,5.0
Parker Romo,NE,14.0,K,540.0,parker romo,parkerromo,2024,-1.0,-1.0
Mason Rudolph,PIT,9.0,QB,541.5,mason rudolph,masonrudolph,2024,92.5,7.0
Dorian Thompson-Robinson,PHI,5.0,QB,544.0,dorian thompson robinson,dorianthompsonrobinson,2024,15.0,6.0
Austin Seibert,FA,0.0,K,545.0,austin seibert,austinseibert,2024,-1.0,-1.0
Josh Whyle,TEN,5.0,TE,546.0,josh whyle,joshwhyle,2024,50.9,16.0
Stetson Bennett,LAR,6.0,QB,546.5,stetson bennett,stetsonbennett,2024,0.0,1.0
Gunner Olszewski,FA,0.0,WR,548.0,gunner olszewski,gunnerolszewski,2024,-1.0,-1.0
Cameron Latu,PHI,5.0,TE,549.0,cameron latu,cameronlatu,2024,-1.0,-1.0
Payne Durham,TB,11.0,TE,550.0,payne durham,paynedurham,2024,24.9,15.0
Eric Tomlinson,FA,0.0,TE,550.0,eric tomlinson,erictomlinson,2024,2.9,9.0
Sean Clifford,GB,10.0,QB,550.5,sean clifford,seanclifford,2024,-1.0,-1.0
Spencer Shrader,IND,14.0,K,552.0,spencer shrader,spencershrader,2024,-1.0,-1.0
Duece Watts,FA,0.0,WR,553.0,duece watts,duecewatts,2024,-1.0,-1.0
Hassan Hall,FA,0.0,RB,554.0,hassan hall,hassanhall,2024,-1.0,-1.0
Jack Podlesny,FA,0.0,K,556.0,jack podlesny,jackpodlesny,2024,-1.0,-1.0
Jordan Travis,FA,0.0,QB,556.0,jordan travis,jordantravis,2024,-1.0,-1.0
Jack Colletto,FA,0.0,RB,557.0,jack colletto,jackcolletto,2024,-1.0,-1.0
Charlie Woerner,ATL,12.0,TE,560.5,charlie woerner,charliewoerner,2024,11.6,15.0
Allen Robinson,II,0.0,WR,562.0,allen robinson,allenrobinson,2024,6.0,12.0
Blake Watson,DEN,14.0,RB,562.5,blake watson,blakewatson,2024,3.3,2.0
Martavis Bryant,FA,0.0,WR,563.0,martavis bryant,martavisbryant,2024,-1.0,-1.0
Logan Thomas,FA,0.0,TE,564.0,logan thomas,loganthomas,2024,-1.0,-1.0
Jacob Saylors,FA,0.0,RB,564.5,jacob saylors,jacobsaylors,2024,-1.0,-1.0
Sam Hartman,WAS,14.0,QB,565.0,sam hartman,samhartman,2024,0.0,1.0
Tucker Fisk,LAC,5.0,TE,565.0,tucker fisk,tuckerfisk,2024,10.9,8.0
Jamison Crowder,FA,0.0,WR,567.0,jamison crowder,jamisoncrowder,2024,28.2,5.0
Phillip Dorsett,II,0.0,WR,568.0,phillip dorsett,phillipdorsett,2024,-1.0,-1.0
Chris Manhertz,NYG,11.0,TE,569.0,chris manhertz,chrismanhertz,2024,9.4,16.0
Laviska Shenault Jr.,BUF,12.0,WR,569.0,laviska shenault,laviskashenault,2024,6.7,12.0
Michael Burton,DEN,14.0,RB,570.0,michael burton,michaelburton,2024,29.0,16.0
Cole Fotheringham,FA,0.0,TE,570.5,cole fotheringham,colefotheringham,2024,-1.0,-1.0
Taylor Heinicke,LAC,5.0,QB,571.0,taylor heinicke,taylorheinicke,2024,3.1,4.0
Reggie Gilliam,BUF,12.0,RB,571.5,reggie gilliam,reggiegilliam,2024,0.3,14.0
Jeff Driskel,FA,0.0,QB,573.0,jeff driskel,jeffdriskel,2024,0.0,2.0
British Brooks,HOU,14.0,RB,573.0,british brooks,britishbrooks,2024,0.2,5.0
Robbie Chosen,FA,0.0,WR,574.0,robbie chosen,robbiechosen,2024,1.5,2.0
Jacob Harris,FA,0.0,TE,575.0,jacob harris,jacobharris,2024,-1.0,-1.0
C.J. Beathard,FA,0.0,QB,575.0,cj beathard,cjbeathard,2024,-1.0,-1.0
John Ross,FA,0.0,WR,576.0,john ross,johnross,2024,1.6,1.0
Joshua Kelley,FA,0.0,RB,576.5,joshua kelley,joshuakelley,2024,0.0,3.0
Rodney Williams,FA,0.0,TE,577.0,rodney williams,rodneywilliams,2024,0.0,6.0
Tarik Cohen,FA,0.0,RB,580.0,tarik cohen,tarikcohen,2024,-1.0,-1.0
Byron Pringle,FA,0.0,WR,580.0,byron pringle,byronpringle,2024,-1.0,-1.0
Xavier Hutchinson,HOU,14.0,WR,580.5,xavier hutchinson,xavierhutchinson,2024,22.2,15.0
Kayshon Boutte,NE,14.0,WR,580.5,kayshon boutte,kayshonboutte,2024,97.2,14.0
Luke Farrell,SF,9.0,TE,580.5,luke farrell,lukefarrell,2024,17.3,16.0
Max Duggan,FA,0.0,QB,581.0,max duggan,maxduggan,2024,-1.0,-1.0
Anthony Firkser,FA,0.0,TE,582.0,anthony firkser,anthonyfirkser,2024,0.0,7.0
Nick Mullens,JAC,12.0,QB,583.0,nick mullens,nickmullens,2024,1.3,4.0
Devin Leary,BAL,14.0,QB,583.5,devin leary,devinleary,2024,-1.0,-1.0
Robert Tonyan,KC,6.0,TE,584.0,robert tonyan,roberttonyan,2024,0.0,5.0
Daurice Fountain,FA,0.0,WR,586.0,daurice fountain,dauricefountain,2024,-1.0,-1.0
Nyheim Hines,FA,0.0,RB,588.0,nyheim hines,nyheimhines,2024,-1.0,-1.0
Godwin Igwebuike,FA,0.0,RB,589.0,godwin igwebuike,godwinigwebuike,2024,-1.0,-1.0
Charlie Kolar,BAL,14.0,TE,591.0,charlie kolar,charliekolar,2024,28.3,12.0
James Washington,FA,0.0,WR,592.0,james washington,jameswashington,2024,-1.0,-1.0
David Wells,FA,0.0,TE,593.0,david wells,davidwells,2024,-1.0,-1.0
Mike White,BUF,12.0,QB,594.0,mike white,mikewhite,2024,-1.0,-1.0
Dante Pettis,NO,12.0,WR,594.5,dante pettis,dantepettis,2024,22.4,7.0
Logan Woodside,CIN,12.0,QB,595.0,logan woodside,loganwoodside,2024,-1.0,-1.0
Russell Gage Jr.,SF,9.0,WR,596.0,russell gage,russellgage,2024,-1.0,-1.0
Desmond Ridder,FA,0.0,QB,596.0,desmond ridder,desmondridder,2024,21.5,4.0
Chris Oladokun,KC,6.0,QB,597.0,chris oladokun,chrisoladokun,2024,-1.0,-1.0
Mike Boone,FA,0.0,RB,597.0,mike boone,mikeboone,2024,3.3,5.0
KhaDarel Hodge,ATL,12.0,WR,598.0,khadarel hodge,khadarelhodge,2024,22.7,16.0
John Wolford,JAC,12.0,QB,599.0,john wolford,johnwolford,2024,-1.0,-1.0
Brady Russell,SEA,10.0,TE,599.0,brady russell,bradyrussell,2024,0.0,11.0
Tanner McKee,PHI,5.0,QB,599.5,tanner mckee,tannermckee,2024,10.0,1.0
Myles Gaskin,FA,0.0,RB,600.0,myles gaskin,mylesgaskin,2024,2.0,5.0
Jarveon Howard,FA,0.0,RB,601.0,jarveon howard,jarveonhoward,2024,-1.0,-1.0
Riley Sharp,FA,0.0,TE,602.0,riley sharp,rileysharp,2024,-1.0,-1.0
Hunter Luepke,DAL,7.0,RB,602.0,hunter luepke,hunterluepke,2024,25.4,15.0
Zack Kuntz,NYJ,12.0,TE,603.0,zack kuntz,zackkuntz,2024,0.0,1.0
Chris Collier,LV,10.0,RB,604.0,chris collier,chriscollier,2024,0.6,7.0
Tyree Jackson,WAS,14.0,TE,605.0,tyree jackson,tyreejackson,2024,-1.0,-1.0
Chris Blair,ATL,12.0,WR,605.5,chris blair,chrisblair,2024,2.7,3.0
TaMerik Williams,FA,0.0,RB,606.0,tamerik williams,tamerikwilliams,2024,-1.0,-1.0
Zach Gentry,FA,0.0,TE,608.0,zach gentry,zachgentry,2024,-1.0,-1.0
Dylan Drummond,ATL,12.0,WR,608.5,dylan drummond,dylandrummond,2024,-1.0,-1.0
N'Keal Harry,FA,0.0,WR,609.0,nkeal harry,nkealharry,2024,-1.0,-1.0
Antoine Green,FA,0.0,WR,609.0,antoine green,antoinegreen,2024,-1.0,-1.0
Jason Bean,IND,14.0,QB,611.0,jason bean,jasonbean,2024,-1.0,-1.0
Brett Rypien,MIN,6.0,QB,612.0,brett rypien,brettrypien,2024,-1.0,-1.0
Austin Reed,CHI,7.0,QB,615.0,austin reed,austinreed,2024,0.0,1.0
Easton Stick,ATL,12.0,QB,616.0,easton stick,eastonstick,2024,-1.0,-1.0
Dee Williams,NYG,11.0,WR,617.0,dee williams,deewilliams,2024,-1.0,-1.0
Nathaniel Peat,FA,0.0,RB,620.0,nathaniel peat,nathanielpeat,2024,-1.0,-1.0
John Stephens Jr.,DAL,7.0,WR,620.5,john stephens,johnstephens,2024,-1.0,-1.0
Tyron Billy-Johnson,FA,0.0,WR,621.0,tyron billy johnson,tyronbillyjohnson,2024,-1.0,-1.0
Alex Hale,GB,10.0,K,622.0,alex hale,alexhale,2024,-1.0,-1.0
Ellis Merriweather,GB,10.0,RB,623.0,ellis merriweather,ellismerriweather,2024,-1.0,-1.0
Davion Davis,FA,0.0,WR,623.0,davion davis,daviondavis,2024,-1.0,-1.0
Elijah Collins,FA,0.0,RB,624.0,elijah collins,elijahcollins,2024,-1.0,-1.0
Stephen Carlson,CHI,7.0,TE,625.0,stephen carlson,stephencarlson,2024,-1.0,-1.0
Casey Bauman,FA,0.0,QB,626.0,casey bauman,caseybauman,2024,-1.0,-1.0
John Rhys Plumlee,SEA,10.0,QB,629.0,john rhys plumlee,johnrhysplumlee,2024,-1.0,-1.0
D'Ernest Johnson,FA,0.0,RB,630.0,dernest johnson,dernestjohnson,2024,32.3,13.0
Devaughn Vele,DEN,14.0,WR,631.0,devaughn vele,devaughnvele,2024,91.5,12.0
Derrick Gore,FA,0.0,RB,632.0,derrick gore,derrickgore,2024,-1.0,-1.0
Tyler Huntley,FA,0.0,QB,633.0,tyler huntley,tylerhuntley,2024,52.0,4.0
Jake Fromm,FA,0.0,QB,634.0,jake fromm,jakefromm,2024,-1.0,-1.0
Isaiah Hodgins,SF,9.0,WR,635.0,isaiah hodgins,isaiahhodgins,2024,3.2,3.0
DeAndre Carter,CLE,10.0,WR,636.5,deandre carter,deandrecarter,2024,16.2,13.0
Jacques Patrick,FA,0.0,RB,637.0,jacques patrick,jacquespatrick,2024,-1.0,-1.0
Jude McAtamney,NYG,11.0,K,638.0,jude mcatamney,judemcatamney,2024,-1.0,-1.0
Mitchell Wilcox,FA,0.0,TE,639.0,mitchell wilcox,mitchellwilcox,2024,0.0,2.0
Sean McKeon,IND,14.0,TE,641.0,sean mckeon,seanmckeon,2024,-1.0,-1.0
Tyrie Cleveland,FA,0.0,WR,642.0,tyrie cleveland,tyriecleveland,2024,-1.0,-1.0
Josiah Deguara,ARI,11.0,TE,644.0,josiah deguara,josiahdeguara,2024,4.4,14.0
Darrynton Evans,BUF,12.0,RB,645.0,darrynton evans,darryntonevans,2024,0.3,4.0
Tip Reiman,ARI,11.0,TE,646.0,tip reiman,tipreiman,2024,9.7,16.0
Collin Johnson,LV,10.0,WR,648.0,collin johnson,collinjohnson,2024,1.6,8.0
Easop Winston Jr.,FA,0.0,WR,651.0,easop winston,easopwinston,2024,-1.0,-1.0
Ben Sims,GB,10.0,TE,651.5,ben sims,bensims,2024,8.2,16.0
Denzel Mims,FA,0.0,WR,652.0,denzel mims,denzelmims,2024,-1.0,-1.0
La'Mical Perine,FA,0.0,RB,653.0,lamical perine,lamicalperine,2024,-1.0,-1.0
Jonathan Ward,FA,0.0,RB,654.0,jonathan ward,jonathanward,2024,2.2,4.0
JaMycal Hasty,FA,0.0,RB,657.0,jamycal hasty,jamycalhasty,2024,28.8,15.0
Tyler Mabry,FA,0.0,TE,659.0,tyler mabry,tylermabry,2024,0.0,2.0
Freddie Swain,FA,0.0,WR,660.0,freddie swain,freddieswain,2024,-1.0,-1.0
Ke'Shawn Vaughn,FA,0.0,RB,661.0,keshawn vaughn,keshawnvaughn,2024,0.4,3.0
Marquez Callaway,FA,0.0,WR,662.0,marquez callaway,marquezcallaway,2024,0.0,2.0
Kristian Wilkerson,BUF,12.0,WR,664.0,kristian wilkerson,kristianwilkerson,2024,9.8,3.0
Lawrence Cager,WAS,14.0,WR,665.0,lawrence cager,lawrencecager,2024,-1.0,-1.0
Spencer Brown,FA,0.0,RB,666.0,spencer brown,spencerbrown,2024,-1.0,-1.0
Deon Jackson,FA,0.0,RB,667.0,deon jackson,deonjackson,2024,-1.0,-1.0
Jha'Quan Jackson,TEN,5.0,WR,667.5,jhaquan jackson,jhaquanjackson,2024,-0.7,12.0
DJ Turner,FA,0.0,WR,668.0,dj turner,djturner,2024,47.1,12.0
Mathew Sexton,FA,0.0,WR,669.0,mathew sexton,mathewsexton,2024,-1.0,-1.0
Sammis Reyes,FA,0.0,TE,670.0,sammis reyes,sammisreyes,2024,-1.0,-1.0
Avery Williams,PHI,5.0,RB,671.0,avery williams,averywilliams,2024,0.0,16.0
Terrace Marshall Jr.,PHI,5.0,WR,672.0,terrace marshall,terracemarshall,2024,7.1,6.0
Simi Fehoko,ARI,11.0,WR,673.0,simi fehoko,simifehoko,2024,16.6,8.0
Terrell Bynum,FA,0.0,WR,674.0,terrell bynum,terrellbynum,2024,-1.0,-1.0
Xazavian Valladay,FA,0.0,RB,674.5,xazavian valladay,xazavianvalladay,2024,-1.0,-1.0
Sam Ehlinger,DEN,14.0,QB,675.0,sam ehlinger,samehlinger,2024,-1.0,-1.0
Cornell Powell,FA,0.0,WR,677.0,cornell powell,cornellpowell,2024,-1.0,-1.0
Ben Skowronek,PIT,9.0,WR,679.0,ben skowronek,benskowronek,2024,11.9,9.0
Bryce Ford-Wheaton,NYG,11.0,WR,679.0,bryce ford wheaton,brycefordwheaton,2024,0.0,13.0
Zach Davidson,BUF,12.0,TE,681.0,zach davidson,zachdavidson,2024,1.5,3.0
Ihmir Smith-Marsette,NYG,11.0,WR,682.0,ihmir smith marsette,ihmirsmithmarsette,2024,0.0,14.0
Kawaan Baker,FA,0.0,WR,683.0,kawaan baker,kawaanbaker,2024,-1.0,-1.0
Ian Book,FA,0.0,QB,684.0,ian book,ianbook,2024,-1.0,-1.0
Kyle Trask,TB,11.0,QB,685.0,kyle trask,kyletrask,2024,-0.2,4.0
Quintin Morris,JAC,12.0,TE,686.0,quintin morris,quintinmorris,2024,9.6,15.0
Adam Prentice,FA,0.0,RB,687.0,adam prentice,adamprentice,2024,0.0,16.0
Austin Watkins Jr.,FA,0.0,WR,688.0,austin watkins,austinwatkins,2024,-1.0,-1.0
Jaret Patterson,LAC,5.0,RB,689.0,jaret patterson,jaretpatterson,2024,0.0,1.0
Michael Bandy,DEN,14.0,WR,690.0,michael bandy,michaelbandy,2024,-1.0,-1.0
Dayton Wade,BAL,14.0,WR,691.0,dayton wade,daytonwade,2024,-1.0,-1.0
Mike Rigerman,FA,0.0,TE,692.0,mike rigerman,mikerigerman,2024,-1.0,-1.0
Tyler Badie,DEN,14.0,RB,694.0,tyler badie,tylerbadie,2024,9.4,3.0
Michael Woods II,CLE,10.0,WR,697.0,michael woods,michaelwoods,2024,13.5,5.0
Montrell Washington,NYG,11.0,WR,698.0,montrell washington,montrellwashington,2024,0.0,1.0
Samori Toure,CHI,7.0,WR,699.0,samori toure,samoritoure,2024,-1.0,-1.0
Hassan Haskins,LAC,5.0,RB,700.0,hassan haskins,hassanhaskins,2024,23.5,16.0
Emani Bailey,CAR,11.0,RB,702.0,emani bailey,emanibailey,2024,-1.0,-1.0
Snoop Conner,FA,0.0,RB,703.0,snoop conner,snoopconner,2024,-1.0,-1.0
Kobe Lewis,FA,0.0,RB,704.0,kobe lewis,kobelewis,2024,-1.0,-1.0
Isaiah Wooden,FA,0.0,WR,705.0,isaiah wooden,isaiahwooden,2024,-1.0,-1.0
Brittain Brown,FA,0.0,RB,706.0,brittain brown,brittainbrown,2024,-1.0,-1.0
Erik Ezukanma,MIA,6.0,WR,707.0,erik ezukanma,erikezukanma,2024,0.0,2.0
Tyquan Thornton,KC,6.0,WR,709.0,tyquan thornton,tyquanthornton,2024,8.7,6.0
Baylor Cupp,FA,0.0,TE,710.0,baylor cupp,baylorcupp,2024,0.0,1.0
Ahmarean Brown,FA,0.0,WR,712.0,ahmarean brown,ahmareanbrown,2024,-1.0,-1.0
Isaiah Spiller,FA,0.0,RB,713.0,isaiah spiller,isaiahspiller,2024,-1.0,-1.0
Tyrion Davis-Price,TEN,5.0,RB,714.0,tyrion davis price,tyriondavisprice,2024,0.7,1.0
Danny Gray,PHI,5.0,WR,715.0,danny gray,dannygray,2024,-1.0,-1.0
Jack Plummer,CAR,11.0,QB,718.0,jack plummer,jackplummer,2024,-1.0,-1.0
Ricky Person Jr.,FA,0.0,RB,719.0,ricky person,rickyperson,2024,-1.0,-1.0
Thomas Yassmin,FA,0.0,TE,720.0,thomas yassmin,thomasyassmin,2024,-1.0,-1.0
Kyric McGowan,FA,0.0,WR,721.0,kyric mcgowan,kyricmcgowan,2024,-1.0,-1.0
Phillip Brooks,FA,0.0,WR,723.0,phillip brooks,phillipbrooks,2024,-1.0,-1.0
George Holani,SEA,10.0,RB,724.0,george holani,georgeholani,2024,1.9,4.0
Aaron Shampklin,FA,0.0,RB,726.0,aaron shampklin,aaronshampklin,2024,1.7,3.0
David Martin-Robinson,TEN,5.0,TE,727.0,david martin robinson,davidmartinrobinson,2024,1.6,4.0
Jacob Warren,FA,0.0,TE,728.0,jacob warren,jacobwarren,2024,-1.0,-1.0
Julius Chestnut,TEN,5.0,RB,729.0,julius chestnut,juliuschestnut,2024,12.2,16.0
Thomas Odukoya,TEN,5.0,TE,730.0,thomas odukoya,thomasodukoya,2024,0.0,3.0
Terique Owens,SF,9.0,WR,731.0,terique owens,teriqueowens,2024,-1.0,-1.0
Johnny Johnson III,HOU,14.0,WR,732.0,johnny johnson,johnnyjohnson,2024,-1.0,-1.0
Trey Knox,FA,0.0,TE,733.0,trey knox,treyknox,2024,-1.0,-1.0
Austin Jones,FA,0.0,RB,734.0,austin jones,austinjones,2024,-1.0,-1.0
Carter Bradley,LV,10.0,QB,735.0,carter bradley,carterbradley,2024,-1.0,-1.0
Sincere McCormick,LV,10.0,RB,737.0,sincere mccormick,sinceremccormick,2024,27.2,5.0
Tanner Conner,MIA,6.0,TE,738.0,tanner conner,tannerconner,2024,4.6,8.0
Braylon Sanders,FA,0.0,WR,739.0,braylon sanders,braylonsanders,2024,-1.0,-1.0
Jashaun Corbin,ATL,12.0,RB,740.0,jashaun corbin,jashauncorbin,2024,-1.0,-1.0
Kedon Slovis,HOU,14.0,QB,741.0,kedon slovis,kedonslovis,2024,-1.0,-1.0
Chris Pierce Jr.,FA,0.0,TE,742.0,chris pierce,chrispierce,2024,-1.0,-1.0
Tay Martin,FA,0.0,WR,743.0,tay martin,taymartin,2024,-1.0,-1.0
Deven Thompkins,FA,0.0,WR,744.0,deven thompkins,deventhompkins,2024,6.7,7.0
Daylen Baldwin,FA,0.0,WR,747.0,daylen baldwin,daylenbaldwin,2024,-1.0,-1.0
Maurice Alexander,CHI,7.0,WR,748.0,maurice alexander,mauricealexander,2024,0.0,3.0
Josh,Ali,0.0,WR,749.0,josh,josh,2024,-1.0,-1.0
Justin Shorter,LV,10.0,WR,750.0,justin shorter,justinshorter,2024,0.0,9.0
Lew Nichols III,PHI,5.0,RB,753.0,lew nichols,lewnichols,2024,-1.0,-1.0
Xavier Smith,LAR,6.0,WR,757.0,xavier smith,xaviersmith,2024,5.6,14.0
Clayton Tune,ARI,11.0,QB,762.0,clayton tune,claytontune,2024,-2.3,5.0
Brayden Willis,SF,9.0,TE,764.0,brayden willis,braydenwillis,2024,0.0,9.0
Travis Vokolek,ARI,11.0,TE,765.0,travis vokolek,travisvokolek,2024,0.0,1.0
Thyrick Pitts,FA,0.0,WR,766.0,thyrick pitts,thyrickpitts,2024,-1.0,-1.0
Isaiah Davis,NYJ,12.0,RB,767.0,isaiah davis,isaiahdavis,2024,41.8,16.0
Jason Brownlee,KC,6.0,WR,768.0,jason brownlee,jasonbrownlee,2024,-1.0,-1.0
Nikko Remigio,KC,6.0,WR,770.0,nikko remigio,nikkoremigio,2024,0.0,4.0
Carlos Washington Jr.,ATL,12.0,RB,771.0,carlos washington,carloswashington,2024,-1.0,-1.0
Jordan Mims,FA,0.0,RB,772.0,jordan mims,jordanmims,2024,20.6,10.0
Shedrick Jackson,LV,10.0,WR,773.0,shedrick jackson,shedrickjackson,2024,-1.0,-1.0
Nate Adkins,DEN,14.0,TE,776.0,nate adkins,nateadkins,2024,38.0,16.0
Adrian Martinez,NYJ,12.0,QB,777.0,adrian martinez,adrianmartinez,2024,-1.0,-1.0
Jared Wayne,HOU,14.0,WR,778.0,jared wayne,jaredwayne,2024,0.0,3.0
Elijah Cooks,PHI,5.0,WR,779.0,elijah cooks,elijahcooks,2024,0.0,2.0
Isaiah Winstead,FA,0.0,WR,782.0,isaiah winstead,isaiahwinstead,2024,-1.0,-1.0
Tre'Shaun Harrison,FA,0.0,WR,783.0,treshaun harrison,treshaunharrison,2024,-1.0,-1.0
Elijah Dotson,ATL,12.0,RB,784.0,elijah dotson,elijahdotson,2024,-1.0,-1.0
Rakim Jarrett,TB,11.0,WR,785.0,rakim jarrett,rakimjarrett,2024,21.4,9.0
Kazmeir Allen,WAS,14.0,WR,786.0,kazmeir allen,kazmeirallen,2024,-1.0,-1.0
Jordan Murray,CHI,7.0,TE,788.0,jordan murray,jordanmurray,2024,-1.0,-1.0
Joel Wilson,CHI,7.0,TE,789.0,joel wilson,joelwilson,2024,-1.0,-1.0
Casey Washington,ATL,12.0,WR,790.0,casey washington,caseywashington,2024,2.4,8.0
Erick All Jr.,CIN,12.0,TE,791.0,erick all,erickall,2024,35.8,9.0
Tanner McLachlan,CIN,12.0,TE,792.0,tanner mclachlan,tannermclachlan,2024,0.0,2.0
Jawhar Jordan,HOU,14.0,RB,795.0,jawhar jordan,jawharjordan,2024,-1.0,-1.0
Keilan Robinson,PHI,5.0,RB,796.0,keilan robinson,keilanrobinson,2024,0.0,5.0
Jordan Matthews,FA,0.0,TE,798.0,jordan matthews,jordanmatthews,2024,0.0,4.0
Laquon Treadwell,IND,14.0,WR,801.0,laquon treadwell,laquontreadwell,2024,0.0,2.0
Nick Vannett,FA,0.0,TE,802.0,nick vannett,nickvannett,2024,43.9,16.0
Nate Sudfeld,FA,0.0,QB,803.0,nate sudfeld,natesudfeld,2024,-1.0,-1.0
Dwayne Washington,FA,0.0,RB,804.0,dwayne washington,dwaynewashington,2024,-1.0,-1.0
Jeremy McNichols,WAS,14.0,RB,805.0,jeremy mcnichols,jeremymcnichols,2024,63.8,16.0
John Kelly Jr.,FA,0.0,RB,806.0,john kelly,johnkelly,2024,0.0,2.0
Anthony Miller,BAL,14.0,WR,807.0,anthony miller,anthonymiller,2024,2.6,2.0
Jordan Thomas,FA,0.0,TE,811.0,jordan thomas,jordanthomas,2024,-1.0,-1.0
Nick Bawden,FA,0.0,RB,812.0,nick bawden,nickbawden,2024,-1.0,-1.0
Deontay Burnett,FA,0.0,WR,813.0,deontay burnett,deontayburnett,2024,-1.0,-1.0
Deon Cain,FA,0.0,WR,814.0,deon cain,deoncain,2024,-1.0,-1.0
Ross Dwelley,SF,9.0,TE,815.0,ross dwelley,rossdwelley,2024,1.5,16.0
Cam Sims,FA,0.0,WR,816.0,cam sims,camsims,2024,-1.0,-1.0
Luis Perez,FA,0.0,QB,817.0,luis perez,luisperez,2024,-1.0,-1.0
Alex McGough,FA,0.0,QB,818.0,alex mcgough,alexmcgough,2024,-1.0,-1.0
Tim Boyle,TEN,5.0,QB,819.0,tim boyle,timboyle,2024,13.9,3.0
Keith Kirkwood,BAL,14.0,WR,820.0,keith kirkwood,keithkirkwood,2024,-1.0,-1.0
Kevin Rader,FA,0.0,TE,821.0,kevin rader,kevinrader,2024,-1.0,-1.0
Devon Garrison,FA,0.0,TE,822.0,devon garrison,devongarrison,2024,-1.0,-1.0
Patrick Laird,FA,0.0,RB,823.0,patrick laird,patricklaird,2024,-1.0,-1.0
Alex Bachman,LV,10.0,WR,824.0,alex bachman,alexbachman,2024,6.1,6.0
Tom Kennedy,DET,5.0,WR,825.0,tom kennedy,tomkennedy,2024,0.0,4.0
Marcus Simms,FA,0.0,WR,826.0,marcus simms,marcussimms,2024,-1.0,-1.0
James Proche II,TEN,5.0,WR,827.0,james proche,jamesproche,2024,3.1,8.0
Jake Luton,FA,0.0,QB,828.0,jake luton,jakeluton,2024,-1.0,-1.0
Andre Baccellia,ARI,11.0,WR,829.0,andre baccellia,andrebaccellia,2024,-1.0,-1.0
Cody White,SEA,10.0,WR,830.0,cody white,codywhite,2024,6.4,4.0
Dan Chisena,CAR,11.0,WR,831.0,dan chisena,danchisena,2024,6.7,5.0
Tony Jones Jr.,FA,0.0,RB,833.0,tony jones,tonyjones,2024,-1.0,-1.0
Austin Mack,FA,0.0,WR,834.0,austin mack,austinmack,2024,-1.0,-1.0
Jalen Reagor,LAC,5.0,WR,835.0,jalen reagor,jalenreagor,2024,14.7,8.0
Noah Togiai,FA,0.0,TE,836.0,noah togiai,noahtogiai,2024,-1.0,-1.0
Tommy Hudson,FA,0.0,TE,837.0,tommy hudson,tommyhudson,2024,-1.0,-1.0
Mason Kinsey,TEN,5.0,WR,838.0,mason kinsey,masonkinsey,2024,3.7,5.0
Tarik Black,MIA,6.0,WR,840.0,tarik black,tarikblack,2024,-1.0,-1.0
Michael Strachan,WAS,14.0,WR,841.0,michael strachan,michaelstrachan,2024,-1.0,-1.0
Ben Mason,FA,0.0,RB,842.0,ben mason,benmason,2024,-1.0,-1.0
Shi Smith,FA,0.0,WR,843.0,shi smith,shismith,2024,-1.0,-1.0
Demetric Felton Jr.,WAS,14.0,RB,844.0,demetric felton,demetricfelton,2024,-1.0,-1.0
Seth Williams,FA,0.0,WR,846.0,seth williams,sethwilliams,2024,-1.0,-1.0
Racey McMath,FA,0.0,WR,847.0,racey mcmath,raceymcmath,2024,-1.0,-1.0
Jalen Camp,FA,0.0,WR,848.0,jalen camp,jalencamp,2024,-1.0,-1.0
Gerrid Doaks,FA,0.0,RB,849.0,gerrid doaks,gerriddoaks,2024,-1.0,-1.0
Kellen Mond,FA,0.0,QB,850.0,kellen mond,kellenmond,2024,-1.0,-1.0
Gary Brightwell,CIN,12.0,RB,851.0,gary brightwell,garybrightwell,2024,0.0,2.0
Hunter Kampmoyer,FA,0.0,TE,852.0,hunter kampmoyer,hunterkampmoyer,2024,-1.0,-1.0
Jaelon Darden,FA,0.0,WR,853.0,jaelon darden,jaelondarden,2024,1.6,11.0
Stone Smartt,NYJ,12.0,TE,855.0,stone smartt,stonesmartt,2024,34.8,14.0
Grant DuBose,FA,0.0,WR,856.0,grant dubose,grantdubose,2024,3.1,3.0
Colton Dowell,TEN,5.0,WR,857.0,colton dowell,coltondowell,2024,-1.0,-1.0
Evan Hull,PIT,9.0,RB,858.0,evan hull,evanhull,2024,0.0,1.0
Dresser Winn,FA,0.0,QB,859.0,dresser winn,dresserwinn,2024,-1.0,-1.0
Jake Haener,NO,12.0,QB,860.0,jake haener,jakehaener,2024,13.2,8.0
Sean Ryan,FA,0.0,WR,862.0,sean ryan,seanryan,2024,-1.0,-1.0
Zavier Scott,MIN,6.0,WR,863.0,zavier scott,zavierscott,2024,-1.0,-1.0
T.J. Luther,CAR,11.0,WR,865.0,tj luther,tjluther,2024,-1.0,-1.0
Joseph Ngata,FA,0.0,WR,866.0,joseph ngata,josephngata,2024,-1.0,-1.0
Ty Scott,FA,0.0,WR,867.0,ty scott,tyscott,2024,-1.0,-1.0
Jalen Wayne,FA,0.0,WR,868.0,jalen wayne,jalenwayne,2024,-1.0,-1.0
Jalen Cropper,DAL,7.0,WR,870.0,jalen cropper,jalencropper,2024,0.0,1.0
David Durden,FA,0.0,WR,871.0,david durden,daviddurden,2024,-1.0,-1.0
Mohamed Ibrahim,FA,0.0,RB,873.0,mohamed ibrahim,mohamedibrahim,2024,-1.0,-1.0
Jaray Jenkins,FA,0.0,WR,875.0,jaray jenkins,jarayjenkins,2024,-1.0,-1.0
Daniel Arias,FA,0.0,WR,876.0,daniel arias,danielarias,2024,-1.0,-1.0
Blake Whiteheart,CLE,10.0,TE,877.0,blake whiteheart,blakewhiteheart,2024,16.0,10.0
Daewood Davis,FA,0.0,WR,878.0,daewood davis,daewooddavis,2024,-1.0,-1.0
Thayer Thomas,MIN,6.0,WR,880.0,thayer thomas,thayerthomas,2024,-1.0,-1.0
Malik Knowles,SF,9.0,WR,881.0,malik knowles,malikknowles,2024,-1.0,-1.0
Cephus Johnson,III,0.0,WR,882.0,cephus johnson,cephusjohnson,2024,-1.0,-1.0
Shaquan Davis,FA,0.0,WR,883.0,shaquan davis,shaquandavis,2024,-1.0,-1.0
Matt Landers,FA,0.0,WR,884.0,matt landers,mattlanders,2024,-1.0,-1.0
Griffin Hebert,FA,0.0,TE,885.0,griffin hebert,griffinhebert,2024,-1.0,-1.0
Tyrell Shavers,BUF,12.0,WR,886.0,tyrell shavers,tyrellshavers,2024,13.9,3.0
Bryan Thompson,FA,0.0,WR,887.0,bryan thompson,bryanthompson,2024,-1.0,-1.0
Kearis Jackson,FA,0.0,WR,889.0,kearis jackson,kearisjackson,2024,-1.0,-1.0
Jacob Copeland,FA,0.0,WR,890.0,jacob copeland,jacobcopeland,2024,-1.0,-1.0
Izaiah Gathings,FA,0.0,TE,891.0,izaiah gathings,izaiahgathings,2024,-1.0,-1.0
Tanner Taula,TB,11.0,TE,893.0,tanner taula,tannertaula,2024,-1.0,-1.0
Ryan Miller,TB,11.0,WR,894.0,ryan miller,ryanmiller,2024,36.8,10.0
Mitchell Tinsley,CIN,12.0,WR,895.0,mitchell tinsley,mitchelltinsley,2024,-1.0,-1.0
La'Michael Pettway,FA,0.0,TE,896.0,lamichael pettway,lamichaelpettway,2024,-1.0,-1.0
Anthony Gould,IND,14.0,WR,899.0,anthony gould,anthonygould,2024,3.3,7.0
Patrick Murtagh,FA,0.0,TE,900.0,patrick murtagh,patrickmurtagh,2024,-1.0,-1.0
